trang_thai,neo4j_id,tom_tat,created_at,id,slug_vi,ten_cong_trinh,nam_xuat_ban,slug,link,ten_cong_trinh_vi,noi_xuat_ban
Hoàn thành,47,,,ct_47,bai-toan-tich-phan-ham-huu-ty,RATIOLOGICAL FUNCTION INTEGRATION PROBLEM,2000,ratiological-function-integration-problem,,BÀI TOÁN TÍCH PHÂN HÀM HỮU TỶ,"TẠP CHÍ KHOA HỌC VÀ CÔNG NGHỆ, TRƯỜNG ĐẠI HỌC THỦY SẢN, SỐ 1, 46-51"
Hoàn thành,48,,,ct_48,nhan-biet-cac-chu-ky-thong-tri-la-np-hard,RECOGNIZING DOMINATING CYCLES IS NP-HARD,2002,recognizingdominatingcyclesisnphard,,NHẬN BIẾT CÁC CHU KỲ THỐNG TRỊ LÀ NP-HARD,"TẠP CHÍ TIN HỌC VÀ ĐIỀU KHIỂN HỌC. NO 3, 226-230"
Hoàn thành,49,,,ct_49,gioi-thieu-phuong-phap-lap-lich-thi,INTRODUCTION TO EXAM SCHEDULING METHOD,2002,introduction-to-exam-scheduling-method,,GIỚI THIỆU PHƯƠNG PHÁP LẬP LỊCH THI,"TẠP CHÍ KHOA HỌC VÀ CÔNG NGHỆ, TRƯỜNG ĐẠI HỌC THỦY SẢN, SỐ 3, 64-65"
Hoàn thành,50,,,ct_50,phep-qui-dan-da-thuc-trong-lop-np-day-du,POLYNOMIAL REDUCTION IN NP-FULL CLASS,2004,polynomial-reduction-in-np-full-class,,PHÉP QUI DẪN ĐA THỨC TRONG LỚP NP-ĐẦY ĐỦ,"TẠP CHÍ KHOA HỌC VÀ CÔNG NGHỆ, TRƯỜNG ĐẠI HỌC THỦY SẢN, SỐ 2, 24-28"
Hoàn thành,51,,,ct_51,tiep-can-chu-trinh-hamilton-cua-do-thi-tu-bao-dong-cua-no,APPROACH A GRAPH'S HAMILTON CYCLE FROM ITS CLOSURE,2004,approach-a-graphs-hamilton-cycle-from-its-closure,,TIẾP CẬN CHU TRÌNH HAMILTON CỦA ĐỒ THỊ TỪ BAO ĐÓNG CỦA NÓ,"TẠP CHÍ KHOA HỌC VÀ CÔNG NGHỆ, TRƯỜNG ĐẠI HỌC THỦY SẢN, SỐ 4, 34-37"
Hoàn thành,52,,,ct_52,tinh-duy-nhat-cua-bao-dong-do-thi,UNIQUENESS OF GRAPH BACKGROUND,2005,uniqueness-of-graph-background,,TÍNH DUY NHẤT CỦA BAO ĐÓNG ĐỒ THỊ,"KỶ YẾU HỘI THẢO QUỐC GIA “MỘT SỐ VẤN ĐỀ CHỌN LỌC CỦA CÔNG NGHỆ THÔNG TIN”, ĐÀ NẴNG, NXB KHKT HÀ NỘI 2005, 129-142"
Hoàn thành,53,,,ct_53,thuat-toan-da-thuc-xac-dinh-chu-trinh-hamilton-tu-bao-dong-cua-do-thi,POLYNOMIAL ALGORITHM TO DETERMINE HAMILTON CYCLE FROM CLOSURE OF THE GRAPH,2005,polynomial-algorithm-to-determine-hamilton-cycle-from-closure-of-the-graph,,THUẬT TOÁN ĐA THỨC XÁC ĐỊNH CHU TRÌNH HAMILTON TỪ BAO ĐÓNG CỦA ĐỒ THỊ,"TẠP CHÍ PHÁT TRIỂN KHOA HỌC VÀ CÔNG NGHỆ, ĐẠI HỌC QUỐC GIA TPHCM, TẬP 8, SỐ 4, 5-10"
Hoàn thành,54,"Bài toán người du lịch (Traveling Salesman Problem, viết tắt TSP) là một trong những bài toán  tối ưu tổhợp nổi bật  thuộc  lớp  NP-khó. Thuật  toán  tốt nhất hiện nay đểgiải  TSP  là thuật toán nhánh-cận có độphức tạp thời gian tính toán dạng hàm mũ. Bài báo này trình bày cách vận dụng thuật toán nhánh-cận đểgiải một sốbài toán tối ưu liên quan đến chu trình Hamilton dựa trên bài toán TSP tương ứng.",,ct_54,ung-dung-thuattoan-nhanh-can-de-giai-mot-so-bai-toan-toi-uu-lien-quan-den-chu-trinh-hamilton-dua-tren-bai-toan-tsp,APPLYING THE ADJUSTABLE BRANCH ALGORITHM TO SOLVE SOME OPTIMIZATION PROBLEMS RELATED TO THE HAMILTON CYCLE BASED ON THE TSP PROBLEM,2017,applying-the-adjustable-branch-algorithm-to-solve-some-optimization-problems-related-to-the-hamilton-cycle-based-on-the-tsp-problem,https://tckh.dlu.edu.vn/index.php/tckhdhdl/article/view/239/pdf,ỨNG DỤNG THUẬTTOÁN NHÁNH CẬN ĐỂ GIẢI MỘT SỐ BÀI TOÁN TỐI ƯU LIÊN QUAN ĐẾN CHU TRÌNH HAMILTON DỰA TRÊN BÀI TOÁN TSP,"TẠP CHÍ KHOA HỌC ĐẠI HỌC ĐÀ LẠT   TẬP 7, SỐ2"
Hoàn thành,56,,,ct_56,do-thi-hamilton-toi-dai,THE ULTIMATE HAMILTON GRAPH,2006,the-ultimate-hamilton-graph,,ĐỒ THỊ HAMILTON TỐI ĐẠI,"KỶ YẾU HỘI THẢO QUỐC GIA “MỘT SỐ VẤN ĐỀ CHỌN LỌC CỦA CÔNG NGHỆ THÔNG TIN”, HẢI PHÒNG, NXB KHKT HÀ NỘI 2006, 310-313"
Hoàn thành,57,,,ct_57,ung-dung-bai-toan-chu-trinh-hamilton-giai-quyet-mot-so-bai-toan-toi-uu-tren-do-thi,APPLYING THE HAMILTON CYCLE PROBLEM TO SOLVING SOME OPTIMIZATION PROBLEMS ON GRAPH,2006,applying-the-hamilton-cycle-problem-to-solving-some-optimization-problems-on-graph,,ỨNG DỤNG BÀI TOÁN CHU TRÌNH HAMILTON GIẢI QUYẾT MỘT SỐ BÀI TOÁN TỐI ƯU TRÊN ĐỒ THỊ,"KỶ YẾU HỘI THẢO QUỐC GIA “MỘT SỐ VẤN ĐỀ CHỌN LỌC CỦA CÔNG NGHỆ THÔNG TIN”, ĐÀ LẠT"
Hoàn thành,58,,,ct_58,ket-qua-moi-ve-do-thi-hamilton-toi-dai,NEW RESULTS ON THE ULTIMATE HAMILTON GRAPH,2006,new-results-on-the-ultimate-hamilton-graph,,KẾT QUẢ MỚI VỀ ĐỒ THỊ HAMILTON TỐI ĐẠI,"TẠP CHÍ TIN HỌC VÀ ĐIỀU KHIỂN HỌC. T22, SỐ 2, 117-122"
Hoàn thành,59,,,ct_59,so-do-thi-hamilton-toi-dai,MAXIMUM HAMILTON GRAPH NUMBER,2006,maximum-hamilton-graph-number,,SỐ ĐỒ THỊ HAMILTON TỐI ĐẠI,"TẠP CHÍ TIN HỌC VÀ ĐIỀU KHIỂN HỌC. T23, SỐ 3, 221-228"
Hoàn thành,60,,,ct_60,timhieuthuattoantienhoaditruyenvacaidatthunghiem,LEARN EVOLUTIONAL & GENETIC ALGORITHM AND EXPERIMENTAL SETUP,2000,learnevolutionalgeneticalgorithmandexperimentalsetup,,TÌM HIỂU THUẬT TOÁN TIẾN HÓA & DI TRUYỀN VÀ CÀI ĐẶT THỬ NGHIỆM,
Hoàn thành,61,,,ct_61,motsoluuyvephutoithieutapphuthuochamtrongcsdlquanhe,SOME NOTES ON MINIMUM COVERAGE OF FUNCTIONAL DEPENDENCE SET IN RELATIONAL DATABASES,2000,somenotesonminimumcoverageoffunctionaldependencesetinrelationaldatabases,,MỘT SỐ LƯU Ý VỀ PHỦ TỐI THIỂU TẬP PHỤ THUỘC HÀM TRONG CSDL QUAN HỆ,
Hoàn thành,62,,,ct_62,timhieucacthuattoandieukhientuongtranhvacaidatthucnghiemtrenmangcucbonovellnetwareproject,LEARN CONFERENCE CONTROL ALGORITHM AND EXPERIMENTAL SETUP ON LOCAL NETWORK NOVELL NETWARE PROJECT,2000,learnconferencecontrolalgorithmandexperimentalsetuponlocalnetworknovellnetwareproject,,TÌM HIỂU CÁC THUẬT TOÁN ĐIỀU KHIỂN TƯƠNG TRANH VÀ CÀI ĐẶT THỰC NGHIỆM TRÊN MẠNG CỤC BỘ NOVELL NETWARE PROJECT,
Hoàn thành,63,,,ct_63,nghien-cuu-truong-hop-cho-lop-ung-dung-da-nang-voi-cong-nghe-jxta,A CASE STUDY FOR APPLICATION LAYER MULTICAST WITH JXTA TECHNOLOGY,2005,acasestudyforapplicationlayermulticastwithjxtatechnology,,NGHIÊN CỨU TRƯỜNG HỢP CHO LỚP ỨNG DỤNG ĐA NĂNG VỚI CÔNG NGHỆ JXTA,PROCEEDINGS OF ASIAN INFO-COMMUNICATIONS COUNCIL 32ND CONFERENCE
Hoàn thành,64,,,ct_64,chuyen-doi-xml-hop-le-thanh-rdf-qua-luoc-do-rdf,TRANSFORMING VALID XML INTO RDF VIA RDF SCHEMA,2007,transformingvalidxmlintordfviardfschema,,CHUYỂN ĐỔI XML HỢP LỆ THÀNH RDF QUA LƯỢC ĐỒ RDF,"PROCEEDINGS OF THE 3RD INTERNATIONAL CONFERENCE ON NEXT GENERATION WEB SERVICES PRACTICES (NWESP'07), IEEE CS, PP.35-40"
Hoàn thành,65,,,ct_65,khoang-cach-mahalanobis-co-trong-luong-cai-thien-hieu-suat-nhan-dang-giong-noi,WEIGHTED MAHALANOBIS DISTANCE IMPROVE SPEECH RECOGNITION PERFORMANCE,2007,weightedmahalanobisdistanceimprovespeechrecognitionperformance,,KHOẢNG CÁCH MAHALANOBIS CÓ TRỌNG LƯỢNG CẢI THIỆN HIỆU SUẤT NHẬN DẠNG GIỌNG NÓI,"THE CONFERENCE OF THE ACOUSTICAL SOCIETY OF KOREA, 11/2007"
Hoàn thành,66,,,ct_66,subband-hieu-chinh-thu-thuat-limabeam-cho-he-thong-nhan-dang-noi-su-dung-mang-microphone,SUBBAND CALIBRATE LIMABEAM ALGORITM FOR SPEECH RECOGNITION SYSTEM USING MICROPHONE ARRAY,2007,subbandcalibratelimabeamalgoritmforspeechrecognitionsystemusingmicrophonearray,,SUBBAND ​​HIỆU CHỈNH THỦ THUẬT LIMABEAM CHO HỆ THỐNG NHẬN DẠNG NÓI SỬ DỤNG MẢNG MICROPHONE,"THE CONFERENCE OF THE ACOUSTICAL SOCIETY OF KOREA, 2007"
Hoàn thành,68,,,ct_68,dieu-kien-du-cho-do-hoa-khong-hamiltonian,A SUFFICIENT CONDITION FOR NON-HAMILTONIAN GRAPH,2008,asufficientconditionfornonhamiltoniangraph,,ĐIỀU KIỆN ĐỦ CHO ĐỒ HỌA KHÔNG HAMILTONIAN,"KỶ YẾU HỘI THẢO QUỐC GIA “MỘT SỐ VẤN ĐỀ CHỌN LỌC CỦA CÔNG NGHỆ THÔNG TIN”, HUẾ 8/2008"
Hoàn thành,69,"Viewer perceptions of superellipsoid-based
glyphs representing trend analysis of tri-axial accelerometer
data are studied in this paper. A trend analysis and its mapping
to the superellipsoid parameters is proposed. Detailed results
from a viewer survey about the usefulness of such glyphs are
presented. Survey results indicate that approximately 60% of
the respondents correctly identified the trend-related information and as much as an additional 27.2% acceptably identified
some of the trend-related information. Overall, respondents
indicated that the superellipsoid-based glyphs were helpful to
understand accelerometer multi-plots.",,ct_69,cam-giac-cua-nguoi-xem-ve-ky-thuat-hinh-anh-dua-tren-superellipsoid,VIEWER PERCEPTION OF SUPERELLIPSOID-BASED ACCELEROMETER VISUALIZATION TECHNIQUES,2008,viewerperceptionofsuperellipsoidbasedaccelerometervisualizationtechniques,http://localhost:5000/uploads/pdfs/54da8233-e7b6-4892-b156-7d11f05d375f_dAuriol-MSV2008.pdf,CẢM GIÁC CỦA NGƯỜI XEM VỀ KỸ THUẬT HÌNH ẢNH DỰA TRÊN SUPERELLIPSOID,MSV'2008. PP.129~135
Hoàn thành,70,,,ct_70,mot-so-van-de-ve-chu-ky-hamiltonian-trong-cac-do-hoa-dac-biet,SOME PROBLEMS ABOUT HAMILTONIAN CYCLE IN SPECIAL GRAPHS,2008,someproblemsabouthamiltoniancycleinspecialgraphs,,MỘT SỐ VẤN ĐỀ VỀ CHU KỲ HAMILTONIAN TRONG CÁC ĐỒ HỌA ĐẶC BIỆT,"HỘI THẢO QUỐC TẾ LẦN THỨ 2 VỀ LÝ THUYẾT VÀ ỨNG DỤNG CỦA KHOA HỌC MÁY TÍNH (ICTACS’09), TẠP CHÍ KHOA HỌC VÀ CÔNG NGHỆ, VIỆN KHOA HỌC VÀ CÔNG NGHỆ VIỆT NAM, VOL 46, NO 5A (2008), 57-66"
Hoàn thành,71,"Interpreting legacy XML documents is a great challenge for realizing the vision of the Semantic Web (SW). This paper presents an algorithm to transform XML data into RDF- foundation language of the SW -automatically. Our approach maps element definitions stored in XML Schema to RDF Schema ontology, where the ontology is used to describe the meaning and relationships between XML elements. The RDF results containing XML data at the semantic level while retaining their nesting structure make huge XML data source on the current web be available for the SW.",,ct_71,khai-thac-luoc-do-xml-de-giai-thich-tai-lieu-xml-nhu-rdf,EXPLOITING XML SCHEMA FOR INTERPRETING XML DOCUMENTS AS RDF,2008,exploitingxmlschemaforinterpretingxmldocumentsasrdf,http://localhost:5000/uploads/pdfs/099f9a9d-0bfb-4dae-be08-22902b59125d_C_157.pdf,KHAI THÁC LƯỢC ĐỒ XML ĐỂ GIẢI THÍCH TÀI LIỆU XML NHƯ RDF,"2008 INTERNATIONAL CONFERENCE ON SERVICES COMPUTING (SCC 2008), IEEE CS, PP. 555-558, 2008"
Hoàn thành,72,,,ct_72,tong-hop-mo-hinh-song-song-duoc-cai-tien-su-dung-thuat-toan-uoc-luong-tieng-on,IMPROVED PARALLEL MODEL COMBINATION USING NOISE ESTIMATION ALGORITHMS,2008,improvedparallelmodelcombinationusingnoiseestimationalgorithms,,TỔNG HỢP MÔ HÌNH SONG SONG ĐƯỢC CẢI TIẾN SỬ DỤNG THUẬT TOÁN ƯỚC LƯỢNG TIẾNG ỒN,"ACOUSTICAL SOCIETY OF KOREA NATIONAL CONFERENCE, JEJU ISLAND, REPUBLIC OF KOREA, DECEMBER 2008"
Hoàn thành,73,"Recently, the remarkable progress of network technology has increased the requirement for transmission of high quality multimedia data. By the trend, it has been issued to investigate an efficient methodology for quality measurement of transmitted multimedia data. In this paper, we propose a new audio quality measurement technique to substitute for a typical quality measurement tool, RMSE (Root Mean Squared Error). The proposed method modifies the variance of sub-band signals to perform the estimation of audio quality at the transmitter, the receiver is able to estimate the quality distortion of transmitted audio data by calculating the distance between the variance and the reference value representing the characteristics of sub-band signals, so called EVE (Estimated Variance Error). The proposed is as no reference technique, it does not require the original data to measure the audio quality. On the Gaussian noise channel with several standard deviations, we prove that the proposed scheme has good performance, and it is a novel alternative to RMSE.",,ct_73,do-luong-chat-luong-du-lieu-am-thanh-truyen-su-dung-phan-phoi-tin-hieu-sub-band,QUALITY MEASUREMENT FOR TRANSMITTED AUDIO DATA USING DISTRIBUTION OF SUB-BAND SIGNALS,2008,qualitymeasurementfortransmittedaudiodatausingdistributionofsubbandsignals,http://localhost:5000/uploads/pdfs/d5fcc439-4536-4fe5-8b56-c6c5ffc36f9f_quality-measurement-for-transmitted-audio-data-using-20kqzytjx6.pdf,ĐO LƯỜNG CHẤT LƯỢNG DỮ LIỆU ÂM THANH TRUYỀN SỬ DỤNG PHÂN PHỐI TÍN HIỆU SUB-BAND,"IEEE INTERNATIONAL CONFERENCE ON RESEARCH, INNOVATION AND VISION FOR THE FUTURE – RIVF , PP. 167-171, 2008"
Hoàn thành,74,,,ct_74,nang-cao-hieu-suat-cua-he-thong-nhan-dang-giong-noi-su-dung-mang-microphone,PERFORMANCE IMPROVEMENT OF SPEECH RECOGNITION SYSTEM USING MICROPHONE ARRAY,2008,performanceimprovementofspeechrecognitionsystemusingmicrophonearray,,NÂNG CAO HIỆU SUẤT CỦA HỆ THỐNG NHẬN DẠNG GIỌNG NÓI SỬ DỤNG MẢNG MICROPHONE,"IEEE INTERNATIONAL CONFERENCE ON RESEARCH, INNOVATION AND VISION FOR THE FUTURE – RIVF , PP. 91-95, 2008"
Hoàn thành,75,"Covering-based rough set theory is an extension
to classical rough set. The main purpose of this paper is to
study covering rough sets from a topological point of view. The
relationship among upper approximations based on topological
spaces are explored.",,ct_75,bao-gom-cac-tap-tho-tu-quan-diem-dia-phuong,COVERING ROUGH SETS FROM A TOPOLOGICAL POINT OF VIEW,2009,coveringroughsetsfromatopologicalpointofview,http://localhost:5000/uploads/pdfs/00600787-b8ed-427c-8341-623bdc700f06_1207.6560v1.pdf,BAO GỒM CÁC TẬP THÔ TỪ QUAN ĐIỂM ĐỊA PHƯƠNG,INTERNATIONAL JOURNAL OF COMPUTER THEORY AND ENGINEERING. 01/2009; 1:601-604
Hoàn thành,76,,,ct_76,bien-phap-moi-danh-gia-su-dong-doi-cua-bo-quy-tac-quyet-dinh-duoc-truot-tu-bang-quyet-dinh,A NEW MEASURE TO EVALUATE THE CONSISTENCY OF A SET OF DECISION RULES EXTRACTED FROM A DECISION TABLE,2009,anewmeasuretoevaluatetheconsistencyofasetofdecisionrulesextractedfromadecisiontable,,BIỆN PHÁP MỚI ĐÁNH GIÁ SỰ ĐỒNG ĐỘI CỦA BỘ QUY TẮC QUYẾT ĐỊNH ĐƯỢC TRƯỢT TỪ BẢNG QUYẾT ĐỊNH,INTERNATIONAL JOURNAL OF COMPUTER AND ELECTRICAL ENGINEERING. 01/2009; 1:431-435
Hoàn thành,77,"DTD and its instance have been considered the standard for datarepresentation and information exchange format on the currentweb. However, when coming to the next generation of web, theSemantic Web, the drawbacks of XML and its schema areappeared. They mainly focus on the structure level and lacksupport for data representation. Meanwhile, some Semantic Webapplications such as intelligent information services and semanticsearch engines require not only the syntactic format of the data,but also the semantic content. These requirements are supportedby the Web Ontology Language (OWL), which is one of therecent W3C recommendation. But nowadays the amount of datapresented in OWL is small in compare with XML data. Therefore,finding a way to utilize the available XML documents for theSemantic Web is a current challenge research. In this work wepresent an effective solution for transforming XML document intoOWL domain knowledge. While keeping the original structure,our work also adds more semantics for the XML document.Moreover, whole of the transformation processes are doneautomatically without any outside intervention. Further, unlikeprevious approaches which focus on the schema level, we alsoextend our methodology for the data level by transformingspecific XML instances into OWL individuals. The results inexisting OWL syntaxes help them to be loaded immediately by theSemantic Web applications.",,ct_77,dtd2owl-tu-dong-chuyen-doi-tai-lieu-xml-thanh-ban-the-owl,DTD2OWL: AUTOMATIC TRANSFORMING XML DOCUMENTS INTO OWL ONTOLOGY,2009,dtd2owlautomatictransformingxmldocumentsintoowlontology,http://localhost:5000/uploads/pdfs/9f82df43-d18b-4d4c-ac6e-002cc989abf0_1655925.1655949.pdf,DTD2OWL: TỰ ĐỘNG CHUYỂN ĐỔI TÀI LIỆU XML THÀNH BẢN THỂ OWL,"ICIS 2009, ACM, PP. 125-131, SEOUL, KOREA, NOVEMBER 24-26, 2009"
Hoàn thành,78,,,ct_78,trich-xuat-cap-nhat-owl-tu-cac-thiet-bi-xml-qua-luoc-do-xml,EXTRACTING OWL ONTOLOGY FROM XML INSTANCES VIA XML SCHEMA,2009,extractingowlontologyfromxmlinstancesviaxmlschema,,TRÍCH XUẤT CẬP NHẬT OWL TỪ CÁC THIẾT BỊ XML QUA LƯỢC ĐỒ XML,"THE 32ND KIPS AND FALL CONFERENCE, SEOUL, KOREA, PP. 801-802, NOVEMBER 2009"
Hoàn thành,79,"This paper proposes a new approach to perform the
problem of real-time face detection. The proposed method combines
primitive Haar-Like feature and variance value to construct a new
feature, so-called Variance based Haar-Like feature. Face in image
can be represented with a small quantity of features using this
new feature. We used SVM instead of AdaBoost for training and
classification. We made a database containing 5,000 face samples
and 10,000 non-face samples extracted from real images for learning
purposed. The 5,000 face samples contain many images which have
many differences of light conditions. And experiments showed that
face detection system using Variance based Haar-Like feature and
SVM can be much more efficient than face detection system using
primitive Haar-Like feature and AdaBoost. We tested our method on
two Face databases and one Non-Face database. We have obtained
96.17% of correct detection rate on YaleB face database, which is
higher 4.21% than that of using primitive Haar-Like feature and
AdaBoost",,ct_79,phat-hien-khuon-mat-su-dung-tinh-nang-va-svm-giong-nhu-haar-dua-tren-phuong-phap,FACE DETECTION USING VARIANCE BASED HAAR-LIKE FEATURE AND SVM,2009,facedetectionusingvariancebasedhaarlikefeatureandsvm,http://localhost:5000/uploads/pdfs/135b4ecc-21d3-47c4-abdf-ca30755808f2_5120.pdf,PHÁT HIỆN KHUÔN MẶT SỬ DỤNG TÍNH NĂNG VÀ SVM GIỐNG NHƯ HAAR DỰA TRÊN PHƯƠNG PHÁP,"WASET – WORLD ACADEMY OF SCIENCE – ENGINEERING AND TECHNOLOGY, ISSUE 60, DECEMBER 2009, PAGES: 165-168"
Hoàn thành,80,,,ct_80,cai-thien-hieu-suat-nhan-dang-cua-thuat-toan-limabeam-khong-giam-sat-su-dung-ky-thuat-sau-loc,RECOGNITION PERFORMANCE IMPROVEMENT OF UNSUPERVISED-LIMABEAM ALGORITHM USING POST-FILTERING TECHNIQUE,2009,recognitionperformanceimprovementofunsupervisedlimabeamalgorithmusingpostfilteringtechnique,,CẢI THIỆN HIỆU SUẤT NHẬN DẠNG CỦA THUẬT TOÁN LIMABEAM KHÔNG GIÁM SÁT SỬ DỤNG KỸ THUẬT SAU LỌC,"THE CONFERENCE OF THE ACOUSTICAL SOCIETY OF KOREA, 11/2009"
Hoàn thành,81,,,ct_81,nang-cao-hieu-suat-nhan-dang-bang-cach-ket-hop-mo-hinh-tri-hoan-va-tong-thich-ung-trong-he-thong-mang-microphone,IMPROVED RECOGNITION PERFORMANCE BY COMBINATION OF DELAY AND SUM ALGORITHM MODEL ADAPTIVE IN MICROPHONE ARRAY SYSTEM,2009,improvedrecognitionperformancebycombinationofdelayandsumalgorithmmodeladaptiveinmicrophonearraysystem,,NÂNG CAO HIỆU SUẤT NHẬN DẠNG BẰNG CÁCH KẾT HỢP MÔ HÌNH TRÌ HOÃN VÀ TỔNG THÍCH ỨNG TRONG HỆ THỐNG MẢNG MICROPHONE,"THE CONFERENCE OF THE ACOUSTICAL SOCIETY OF KOREA, 2009"
Hoàn thành,82,,,ct_82,,A FAMILY OF COVERING ROUGH SETS BASED ALGORITHM FOR REDUCTION OF ATTRIBUTES,2010,afamilyofcoveringroughsetsbasedalgorithmforreductionofattributes,,,
Hoàn thành,83,,,ct_83,,AN APPLIED RESEARCH BASED ON ROUGH SET FOR DISCOVERING AND IMPROVING THE QUALITY OF THE ASSOCIATION RULES SET ON THE TEACHING AND LEARNING DATABASE AT NHA TRANG UNIVERSITY,2010,anappliedresearchbasedonroughsetfordiscoveringandimprovingthequalityoftheassociationrulessetontheteachingandlearningdatabaseatnhatranguniversity,,,
Hoàn thành,84,,,ct_84,,COVERING UPPER APPROXIMATIONS OF ROUGH SETS AND CLOSURE MAPPINGS,2010,coveringupperapproximationsofroughsetsandclosuremappings,,,
Hoàn thành,85,"Các thuật toán luật kết hợp thường tạo ra một số lượng lớn các luật, trong đó có nhiều
luật là không cần thiết cho việc xử lý thông tin nhằm phục vụ cho một mục đích, yêu cầu nàođó. Nhằm nâng cao hiệu năng thuật toán Apriori cho một số bài toán, bài báo đề xuất một thuật
toán cải tiến của thuật toán Apriori là thuật toán Apriori-DT. Hai điểm cải tiến chính của AprioriDT là sử dụng truy vấn trong tính toán độ hỗ trợ dựa trên cấu trúc bảng quyết định và áp dụng
khuôn mẫu luật nhằm chỉ rút trích các luật phù hợp với mục tiêu khai thác. Thuật toán AprioriDT được thực nghiệm trên các tập dữ liệu mẫu UCI và tập dữ liệu xử lý chất lượng dạy và học
tại ĐH Nha Trang. Kết quả cho thấy Apriori-DT có hiệu năng khai thác luật kết hợp trên các tập
dữ liệu lớn là khá tốt.",,ct_85,thuat-toan-lai-tap-apriori-dt-va-thuc-nghiem,APRIORI-DT HYBRID ALGORITHM AND EXPERIMENTAL,2010,apriori-dt-hybrid-algorithm-and-experimental,http://localhost:5000/uploads/pdfs/8dbccdf8-ee79-4eb9-9448-bcc1bee7b801_dsp1_236.pdf,THUẬT TOÁN LAI TẠP APRIORI-DT VÀ THỰC NGHIỆM,"TẠP CHÍ KHOA HỌC VÀ CÔNG NGHỆ, ĐẠI HỌC ĐÀ NẴNG – SỐ 3(38).2010"
Hoàn thành,86,,,ct_86,,XSD2RDFS AND XML2RDF TRANSFORMATION: A SEMANTIC APPROACH,2010,xsd2rdfsandxml2rdftransformationasemanticapproach,,,
Hoàn thành,87,"In this paper, we present the use of the Features Weighted Mahalanobis Distance (FWMD) in improving the performance of Likelihood Maximizing Beamforming (Limabeam) algorithm in speech recognition for microphone array. The proposed approach is based on the replacement of the traditional distance measure in a Gaussian classifier with adding weight for different features in the Mahalanobis distance according to their distances after the variance normalization. By using Features Weighted Mahalanobis Distance for Limabeam algorithm (FWMD-Limabeam), we obtained correct word recognition rate of 90.26% for calibrate Limabeam and 87.23 % for unsupervised Limabeam, resulting in a higher rate of 3 % and 6 % respectively than those produced by the original Limabeam. By implementing a HM-Net speech recognition strategy alternatively, we could save memory and reduce computation complexity.Keywords: Speech recognition, Microphone array, Limabeam, FWMD-Limabeam, HM-Net, Features Weighted Mahalanobis Distance.",,ct_87,,PERFORMANCE IMPROVEMENT OF MICROPHONE ARRAY SPEECH RECOGNITION USING FEATURE WEIGHTED MAHALANOBIS DISTANCE,2010,performanceimprovementofmicrophonearrayspeechrecognitionusingfeatureweightedmahalanobisdistance,http://localhost:5000/uploads/pdfs/8f9ac9c2-3934-47b5-b745-f2c5094d6c0d_cuong1.pdf,,
Hoàn thành,88,,,ct_88,luat-khang-dinh-va-phu-dinh-dua-tren-ly-thuyet-tap-tho-va-ung-dung,THE LAW OF AFFIRMATION AND NEGATION IS BASED ON GROSS SET THEORY AND APPLICATION,2011,the-law-of-affirmation-and-negation-is-based-on-gross-set-theory-and-application,,LUẬT KHẲNG ĐỊNH VÀ PHỦ ĐỊNH DỰA TRÊN LÝ THUYẾT TẬP THÔ VÀ ỨNG DỤNG,HỘI THẢO CÔNG NGHỆ THÔNG TIN VÀ TOÁN ỨNG DỤNG – ĐẠI HỌC NHA TRANG 2011
Hoàn thành,89,,,ct_89,su-tuong-duong-giua-nguyen-nghiem-va-cau-truc-giua-cac-luoc-do-xml-de-tich-hop-du-lieu-cham-soc-suc-khoe-ubiquitous,SEMANTIC AND STRUCTURAL SIMILARITIES BETWEEN XML SCHEMAS FOR INTEGRATION OF UBIQUITOUS HEALTHCARE DATA,2011,semanticandstructuralsimilaritiesbetweenxmlschemasforintegrationofubiquitoushealthcaredata,,SỰ TƯƠNG ĐƯƠNG GIỮA NGUYÊN NGHIỆM VÀ CẤU TRÚC GIỮA CÁC LƯỢC ĐỒ XML ĐỂ TÍCH HỢP DỮ LIỆU CHĂM SÓC SỨC KHỎE UBIQUITOUS,"THE 2011 FTRA INTERNATIOAL WORKSHOP ON U-HEALTHCARE TECHNOLOGIES AND SERVICES (U-HEALTHCARE 2011), JEJU, KOREA, DECEMBER 12-15, 2011"
Hoàn thành,90,A graph is called a maximal uniquely Hamiltonian graph if it has the maximum number of edges among the graphs with the same number of vertices and exact one Hamiltonian cycle. In this paper we present a necessary and sufficient condition for Maximal uniquely Hamiltonian graph and propose a polynomial time algorithm to recognize the maximal uniquely Hamiltonian graph.,,ct_90,,NECESSARY AND SUFFICIENT CONDITION FOR MAXIMAL UNIQUELY HAMILTONIAN GRAPH,2012,necessaryandsufficientconditionformaximaluniquelyhamiltoniangraph,http://localhost:5000/uploads/pdfs/699466cf-6019-466e-ba24-7924c4bdff33_adminJournalmanagerL_6156_19.3996.pdf,,"INTERNATIONAL JOURNAL OF ADVANCED RESEARCH IN COMPUTER SCIENCE, VOL 3, NO. 5, SEPT-OCT 2012, 114-117"
Hoàn thành,91,,,ct_91,bo-doc-lap-toi-da-trong-hinh-dac-biet,MAXIMUM INDEPENDENT SET IN SPECIAL GRAPHS,2012,maximumindependentsetinspecialgraphs,,BỘ ĐỘC LẬP TỐI ĐA TRONG HÌNH ĐẶC BIỆT,"KỶ YẾU HỘI THẢO QUỐC GIA CNTT-TT LẦN 14, NHÀ XUẤT BẢN KHOA HỌC VÀ KỸ THUẬT – 2012, TR. 555"
Hoàn thành,92,,,ct_92,tac-dong-mot-thuat-toan-phan-cum-moi-dua-tren-suc-hap-dan,IMPACT: A NOVEL CLUSTERING ALGORITHM BASED ON ATTRACTION,2012,impactanovelclusteringalgorithmbasedonattraction,,TÁC ĐỘNG: MỘT THUẬT TOÁN PHÂN CỤM MỚI DỰA TRÊN SỨC HẤP DẪN,"JOURNAL OF COMPUTERS, VOL 7, NO 3 (2012), 653-665, MAR 2012"
Hoàn thành,93,,,ct_93,phan-tich-su-don-gian-ve-nghia-hoc-va-cau-truc-de-tich-hop-du-lieu-cham-soc-suc-khoe-xml-ubiquitous,SEMANTIC AND STRUCTURAL SIMILARITY ANALYSIS FOR INTEGRATION OF UBIQUITOUS XML HEALTHCARE DATA,2013,semanticandstructuralsimilarityanalysisforintegrationofubiquitousxmlhealthcaredata,,PHÂN TÍCH SỰ ĐƠN GIẢN VỀ NGHĨA HỌC VÀ CẤU TRÚC ĐỂ TÍCH HỢP DỮ LIỆU CHĂM SÓC SỨC KHỎE XML UBIQUITOUS,"JOURNAL OF PERSONAL AND UBIQUITOUS COMPUTING, ISSN: 1617-4909, 2012"
Hoàn thành,94,"Most healthcare data are available in XML format, which mainly focuses on the structure level and lacks support for data representation. Therefore, a variety of medical applications and medical semantic search engines have difficulty understanding and integrating healthcare data in a highly heterogeneous environment. OWL (Web Ontology Language) and Semantic Web technologies provide an infrastructure that can solve these problems. The aim of our study is to present a mechanism to ease the interpretation and automate the semantic transformation of XML healthcare data into the OWL ontology (S-Trans), which allows an easier and better semantic communication among hospital information systems. On the basis of the XML schemas (XSD or DTD), we extract the document structure and add more descriptions for XML elements. Moreover, to classify the semantic level of duplicate elements in an XML schema, we propose novel metrics to measure the similarity between them. Experimental results show that the proposed method reliably predicts semantic similarity of duplicates and produces a better-quality OWL ontology.",,ct_94,s-trans-chuyen-doi-nguyen-nghiem-du-lieu-y-te-xml-thanh-ban-the-owl,S-TRANS: SEMANTIC TRANSFORMATION OF XML HEALTHCARE DATA INTO OWL ONTOLOGY,2012,stranssemantictransformationofxmlhealthcaredataintoowlontology,https://www.sciencedirect.com/science/article/abs/pii/S0950705112001050,S-TRANS: CHUYỂN ĐỔI NGUYÊN NGHIỆM DỮ LIỆU Y TẾ XML THÀNH BẢN THỂ OWL,"KNOWLEDGE-BASED SYSTEM, 2012"
Hoàn thành,95,,,ct_95,r2sim-mot-bien-phap-duong-dong-nguyen-tac-moi-de-kh-khop-giua-cac-luoc-do-rdf,R2SIM: A NOVEL SEMANTIC SIMILARITY MEASURE FOR MATCHING BETWEEN RDF SCHEMAS,2012,r2simanovelsemanticsimilaritymeasureformatchingbetweenrdfschemas,,R2SIM: MỘT BIỆN PHÁP ĐƯƠNG ĐỒNG NGUYÊN TẮC MỚI ĐỂ KH KHỚP GIỮA CÁC LƯỢC ĐỒ RDF,"THE 2012 FTRA INTERNATIONAL CONFERENCE ON ADVANCED IT, ENGINEERING AND MANAGEMENT (FTRA AIM 2012), SEOUL, KOREA, FEBRUARY 6-8, 2012"
Hoàn thành,96,,,ct_96,nang-cao-hieu-suat-nhan-dang-cua-thuat-toan-limabeam-su-dung-mllr-adaptaton-cho-moi-truong,IMPROVE RECOGNITION PERFORMANCE OF LIMABEAM ALGORITHM USING MLLR ADAPTATON FOR ENVIRONMENT,2012,improverecognitionperformanceoflimabeamalgorithmusingmllradaptatonforenvironment,,NÂNG CAO HIỆU SUẤT NHẬN DẠNG CỦA THUẬT TOÁN LIMABEAM SỬ DỤNG MLLR ADAPTATON CHO MÔI TRƯỜNG,"THE CONFERENCE OF COMPUTER SCIENCE OF DALAT UNIVERSITY, 12/2012"
Hoàn thành,97,,,ct_97,su-doc-lap-cua-cac-thuoc-tinh-du-phong-trong-thuat-toan-rut-gon-thuoc-tinh,INDEPENDENCE OF REDUNDANT ATTRIBUTES IN THE ATTRIBUTE REDUCTION ALGORITHM,2012,independenceofredundantattributesintheattributereductionalgorithm,,SỰ ĐỘC LẬP CỦA CÁC THUỘC TÍNH DỰ PHÒNG TRONG THUẬT TOÁN RÚT GỌN THUỘC TÍNH,"INTERNATIONAL JOURNAL OF ADVANCED RESEARCH IN COMPUTER SCIENCE, VOLUME 3, NO. 7, NOV-DEC 2012"
Hoàn thành,98,,,ct_98,tiep-can-ly-thuyet-tap-tho-trong-khai-pha-du-lieu,APPROACH TO ROUGH SET THEORY IN DATA MINING,2012,approach-to-rough-set-theory-in-data-mining,,TIẾP CẬN LÝ THUYẾT TẬP THÔ TRONG KHAI PHÁ DỮ LIỆU,"TẬP SAN TIN HỌC QUẢN LÝ –ĐH KINH TẾ TP HCM, SỐ 2-2012"
Hoàn thành,99,,,ct_99,thiet-ke-bo-dieu-khien-vi-tri-servo-dc-dua-tren-thuat-toan-mo-thich-ung-truc-tiep-su-dung-bo-dieu-khien-dspic,DC SERVO POSTION CONTROLLER DESIGN BASED ON DIRECT ADAPTIVE FUZZY ALGORITHM USING DSPIC MICROCONTROLLER,2012,dcservopostioncontrollerdesignbasedondirectadaptivefuzzyalgorithmusingdspicmicrocontroller,,THIẾT KẾ BỘ ĐIỀU KHIỂN VỊ TRÍ SERVO DC DỰA TRÊN THUẬT TOÁN MỜ THÍCH ỨNG TRỰC TIẾP SỬ DỤNG BỘ ĐIỀU KHIỂN DSPIC,HỘI NGHỊ TOÀN QUỐC LẦN THỨ VI VỀ CƠ ĐIỆN TỬ VCM-2012
Hoàn thành,100,,,ct_100,ung-dung-fpga-trong-thiet-ke-cpu-theo-kien-truc-mips,FPGA APPLICATION IN CPU DESIGN ACCORDING TO MIPS ARCHITECTURE,2012,fpga-application-in-cpu-design-according-to-mips-architecture,,ỨNG DỤNG FPGA TRONG THIẾT KẾ CPU THEO KIẾN TRÚC MIPS,"HỘI THẢO CÔNG NGHỆ THÔNG TIN, ĐẠI HỌC ĐÀ LẠT – 2012"
Hoàn thành,101,"This paper deals with the problem of transforming eXtensible Markup Language
(XML) data into the Resource Description Language (RDF) which can be understood by
the computer. While it is not difficult to customize XML for arbitrary data, the effective
transformation is not straightforward and the result may be not semantically richer than
the source document since the redundancy data resulted from the duplicate elements in
XML schema. To cope with this problem, we propose an approach to measure the similarity
between these duplicates before giving the transforming strategy. The similarity measure
is the combination of the children and ancestor factors, which describe the relationship of
elements. The experimental results show that the proposed method gives the high degree of
accuracy and produces better quality of RDF ontology.",,ct_101,phuong-phap-tiep-can-ngu-nghia-de-chuyen-doi-du-lieu-xml-thanh-ban-the-rdf,A SEMANTIC APPROACH FOR TRANSFORMING XML DATA INTO RDF ONTOLOGY,2013,asemanticapproachfortransformingxmldataintordfontology,http://uclab.khu.ac.kr/resources/publication/J_157.pdf,PHƯƠNG PHÁP TIẾP CẬN NGỮ NGHĨA ĐỂ CHUYỂN ĐỔI DỮ LIỆU XML THÀNH BẢN THỂ RDF,"WIRELESS PERSONAL COMMUNICATIONS (WPC) (SCIE: 0.458), SPECIAL ISSUE: ADVANCED INFORMATION TECHNOLOGIES IN FUTURE COMPUTING ENVIRONMENTS, 2013"
Hoàn thành,102,,,ct_102,cai-thien-hieu-suat-nhan-thuc-cua-thuat-toan-limabeam-su-dung-thich-ung-mllr-cho-moi-truong,IMPROVERECOGNITION PERFORMANCE OF LIMABEAM ALGORITHM USING MLLR ADAPTATION FOR ENVIRONMENT,2013,improverecognitionperformanceoflimabeamalgorithmusingmllradaptationforenvironment,,CẢI THIỆN HIỆU SUẤT NHẬN THỨC CỦA THUẬT TOÁN LIMABEAM SỬ DỤNG THÍCH ỨNG MLLR CHO MÔI TRƯỜNG,"THE JOURNAL OF INSITUTE EMBEDED ENGINERING OF KOREA, 2013"
Hoàn thành,103,,,ct_103,cai-thien-hieu-suat-nhan-dang-cua-thuat-toan-limabeam-khong-giam-sat-su-dung-ky-thuat-loc-bai,RECOGNITON PERFORMANCE IMPROVEMENT OF UNSUPERVISED LIMABEAM ALGORITHM USING POST FILTERING TECHNIQUE,2013,recognitonperformanceimprovementofunsupervisedlimabeamalgorithmusingpostfilteringtechnique,,CẢI THIỆN HIỆU SUẤT NHẬN DẠNG CỦA THUẬT TOÁN LIMABEAM KHÔNG GIÁM SÁT SỬ DỤNG KỸ THUẬT LỌC BÀI,"THE JOURNAL OF INSITUTE EMBEDED ENGINERING OF KOREA, 2013"
Hoàn thành,104,,,ct_104,phuong-phap-xep-hang-thuc-the-dua-tren-danh-gia-nguoi-dung,ENTITY RATING METHODOLOGY BASED ON USER REVIEWS,2013,entity-rating-methodology-based-on-user-reviews,,PHƯƠNG PHÁP XẾP HẠNG THỰC THỂ DỰA TRÊN ĐÁNH GIÁ NGƯỜI DÙNG,TẠP CHÍ KHOA HỌC VÀ CÔNG NGHỆ NĂNG LƯỢNG – 2013
Hoàn thành,105,,,ct_105,danh-gia-hieu-qua-bat-dac-trung-cua-khuon-mat-nguoi-qua-video-su-dung-thuat-toan-asm-phuc-vu-cho-ki-thuat-mocap,EVALUATING THE EFFECTIVENESS OF CAPTURING HUMAN FACE FEATURES THROUGH VIDEO USING ASM ALGORITHM FOR MOCAP TECHNIQUE,2013,evaluating-the-effectiveness-of-capturing-human-face-features-through-video-using-asm-algorithm-for-mocap-technique,,ĐÁNH GIÁ HIỆU QUẢ BẮT ĐẶC TRƯNG CỦA KHUÔN MẶT NGƯỜI QUA VIDEO SỬ DỤNG THUẬT TOÁN ASM PHỤC VỤ CHO KĨ THUẬT MOCAP,"HỘI THẢO QUỐC GIA LẦN THỨ XVI: MỘT SỐ VẤN ĐỀ CHỌN LỌC CỦA CÔNG NGHỆ THÔNG TIN VÀ TRUYỀN THÔNG- ĐÀ NẴNG, 13-14/11/2013"
Hoàn thành,106,,,ct_106,4-do-hoa-duong-kinh-2,4-REGULAR GRAPH OF DIAMETER 2,2013,4regulargraphofdiameter2,,4-ĐỒ HỌA ĐƯỜNG KÍNH 2,"TẠP CHÍ KHOA HỌC – ĐẠI HỌC ĐÀ LẠT, SỐ 6 THÁNG 10-2013"
Hoàn thành,107,,,ct_107,mot-so-mo-rong-quy-tac-tich-cuc-va-tieu-cuc-de-kham-pha-nhung-quy-tac-so-huu-co-ban,SOME EXTENSIONS OF POSITIVE AND NEGATIVE RULES FOR DISCOVERING BASIC INTERESTING RULES,2013,someextensionsofpositiveandnegativerulesfordiscoveringbasicinterestingrules,,MỘT SỐ MỞ RỘNG QUY TẮC TÍCH CỰC VÀ TIÊU CỰC ĐỂ KHÁM PHÁ NHỮNG QUY TẮC SỞ HỮU CƠ BẢN,"INTERNATIONAL JOURNAL OF INTELLIGENT INFORMATION SYSTEMS, VOL 2, NO 4, 2013"
Hoàn thành,108,,,ct_108,cai-tien-phuong-phap-xu-ly-cac-gia-tri-thieu-trong-he-thong-thong-tin-khong-day-du,AN IMPROVEMENT OF METHOD HANDLING MISSING VALUES IN INCOMPLETE INFORMATION SYSTEM,2013,animprovementofmethodhandlingmissingvaluesinincompleteinformationsystem,,CẢI TIẾN PHƯƠNG PHÁP XỬ LÝ CÁC GIÁ TRỊ THIẾU TRONG HỆ THỐNG THÔNG TIN KHÔNG ĐẦY ĐỦ,"INTERNATIONAL JOURNAL OF ADVANCED RESEARCH IN COMPUTER SCIENCE AND SOFTWARE ENGINEERING, VOL 3, ISSUE 9, SEPTEMBER 2013"
Hoàn thành,109,,,ct_109,su-tuong-dong-giua-nguyen-nghiep-va-cau-truc-giua-cac-luoc-dong-xml-de-tich-hop-du-lieu-cham-soc-suc-khoe-ubiquitous,SEMANTIC AND STRUCTURAL SIMILARITY BETWEEN XML SCHEMAS FOR INTEGRATION OF UBIQUITOUS HEALTHCARE DATA,2013,semanticandstructuralsimilaritybetweenxmlschemasforintegrationofubiquitoushealthcaredata,,SỰ TƯƠNG ĐỒNG GIỮA NGUYÊN NGHIỆP VÀ CẤU TRÚC GIỮA CÁC LƯỢC ĐỒNG XML ĐỂ TÍCH HỢP DỮ LIỆU CHĂM SÓC SỨC KHỎE UBIQUITOUS,"JOURNAL OF PERSONAL AND UBIQUITOUS COMPUTING, OCT2013, VOL. 17 ISSUE 7, P1331"
Hoàn thành,110,,,ct_110,toi-uu-hoa-bilevel-nhu-mot-phuong-phap-tiep-can-quy-dinh-doi-voi-cac-van-de-can-bang-pseudomonotone,BILEVEL OPTIMIZATION AS A REGULARIZATION APPROACH TO PSEUDOMONOTONE EQUILIBRIUM PROBLEMS,2014,bileveloptimizationasaregularizationapproachtopseudomonotoneequilibriumproblems,,TỐI ƯU HÓA BILEVEL NHƯ MỘT PHƯƠNG PHÁP TIẾP CẬN QUY ĐỊNH ĐỐI VỚI CÁC VẤN ĐỀ CÂN BẰNG PSEUDOMONOTONE,NUMERICAL FUNCTIONAL ANALYSIS AND OPTIMIZATION – 03/2014
Hoàn thành,111,,,ct_111,gan-the-hinh-anh-nhan-thuc-boi-canh-bang-su-suy-luan-thong-tin-hinh-anh,CONTEXT-AWARE IMAGE TAGGING WITH VISUAL INFORMATION INFERENCE,2014,contextawareimagetaggingwithvisualinformationinference,,GẮN THẺ HÌNH ẢNH NHẬN THỨC BỐI CẢNH BẰNG SỰ SUY LUẬN THÔNG TIN HÌNH ẢNH,ACIS 12/2014 PROCEEDINGS – VIETNAM
Hoàn thành,112,"In this paper, we propose a novel technique called Dense Distribution for feature extraction, which approaches statistical feature. This algorithm is also combined with Diagonal based feature extraction technique to obtain a higher accuracy on handwritten English characters (include alphabets and digits). Some experiments are implemented to discover suitable parameters and methods in using these techniques. The result of correct recognition rate on MNIST database when using Dense Distribution technique is 97.11% and when using the combination of Diagonal based feature extraction and Dense Distribution is 98.2%. The classification method which is used for our research is SVM (Support Vector Machine).",,ct_112,uoc-tinh-nang-cao-tinh-nang-ve-nhan-dang-chu-tay-bang-cach-ket-hop-giua-ky-thuat-phan-phoi-dua-cheo-va-mat-do,ESTIMATION OF FEATURE ENHANCEMENT ON HANDWRITTING RECOGNITION BY COMBINATION BETWEEN DIAGONAL BASED AND DENSE DISTRIBUTION TECHNIQUES,2014,estimationoffeatureenhancementonhandwrittingrecognitionbycombinationbetweendiagonalbasedanddensedistributiontechniques,https://www.researchgate.net/publication/269105925_Estimation_of_Feature_Enhancement_on_Handwritting_Recognition_by_Combination_between_Diagonal_Based_and_Dense_Distribution_Techniques,ƯỚC TÍNH NÂNG CAO TÍNH NĂNG VỀ NHẬN DẠNG CHỮ TAY BẰNG CÁCH KẾT HỢP GIỮA KỸ THUẬT PHÂN PHỐI DỰA CHÉO VÀ MẬT ĐỘ,ACIS 12/2014 PROCEEDINGS – VIETNAM
Hoàn thành,113,,,ct_113,lap-luan-mo-cho-giai-doan-lua-chon-doi-tac-trong-thuong-luong-tu-dong,FUZZY ARGUMENTS FOR THE PARTNER SELECTION PHASE IN AUTOMATED NEGOTIATIONS,2014,fuzzy-arguments-for-the-partner-selection-phase-in-automated-negotiations,,LẬP LUẬN MỜ CHO GIAI ĐOẠN LỰA CHỌN ĐỐI TÁC TRONG THƯƠNG LƯỢNG TỰ ĐỘNG,"HỘI THẢO QUỐC GIA 2014 VỀ ĐIỆN TỬ, TRUYỀN THÔNG VÀ CÔNG NGHỆ THÔNG TIN – 09/2014"
Hoàn thành,114,,,ct_114,webgis-cho-bao-ton-da-dang-sinh-hoc-dong-bang-song-cuu-long,WEBGIS FOR BIODIVERSITY CONSERVATION IN THE MEKONG DELTA,2014,webgis-for-biodiversity-conservation-in-the-mekong-delta,,WEBGIS CHO BẢO TỒN ĐA DẠNG SINH HỌC ĐỒNG BẰNG SÔNG CỬU LONG,CẦN THƠ – 12/2014
Hoàn thành,115,,,ct_115,bao-cao-hoat-dong-6-thang-dau-nam-va-kh-hoat-dong-nam-2014,ACTIVITY REPORT FOR THE FIRST 6 MONTHS OF THE YEAR AND OPERATION PLAN FOR 2014,2014,activity-report-for-the-first-6-months-of-the-year-and-operation-plan-for-2014,,BÁO CÁO HOẠT ĐỘNG 6 THÁNG ĐẦU NĂM VÀ KH HOẠT ĐỘNG NĂM 2014,HỢP TÁC PHÁT TRIỂN CNTT VÀ TRUYỀN THÔNG VN LẦN THỨ 18 – 08/2014 – QUẢNG NINH
Hoàn thành,116,"In a decision tree algorithm, an important factor is measure for selecting the best split the records. There are many measures that can
be used to determine the splitting attributes based on Entropy, Gini index, Information Gain and so on. In this paper, two metrics from the
consistency degree of two knowledges is used as the criteria for selecting the attribute that will best separate the samples into individual classes.
These new measures also to define on covering rough sets for constructing decision tree on incomplete information systems.",,ct_116,bien-phap-moi-xay-dung-cay-quyet-dinh-dua-tren-bo-to-va-ung-dung,NEW MEASURES FOR CONSTRUCTING DECISION TREE BASED ON ROUGH SETS AND APPLICATIONS,2015,newmeasuresforconstructingdecisiontreebasedonroughsetsandapplications,http://localhost:5000/uploads/pdfs/695c7fb6-bc5d-4aa4-9392-94ff220c9fda_adminJournalmanagerL_11834_5.7484.pdf,BIỆN PHÁP MỚI XÂY DỰNG CÂY QUYẾT ĐỊNH DỰA TRÊN BỘ TÔ VÀ ỨNG DỤNG,"INTERNATIONAL JOURNAL OF ADVANCED RESEARCH IN COMPUTER SCIENCE, VOLUME 6, NO.5"
Hoàn thành,117,,,ct_117,tinh-toan-su-don-gian-giua-cac-thanh-phan-trung-lap-trong-luoc-do-xml,COMPUTING THE SIMILARITY BETWEEN DUPLICATE ELEMENTS IN XML SCHEMA,2015,computingthesimilaritybetweenduplicateelementsinxmlschema,,TÍNH TOÁN SỰ ĐƠN GIẢN GIỮA CÁC THÀNH PHẦN TRÙNG LẶP TRONG LƯỢC ĐỒ XML,"INTERNATIONAL JOURNAL OF ADVANCEMENTS IN COMPUTING TECHNOLOGY, VOL. 7, NO. 3"
Hoàn thành,118,,,ct_118,mot-so-ung-dung-ly-thuyet-tap-tho-trong-kinh-te-va-tai-chinh,SOME APPLICATIONS OF ROUGH SET THEORY IN ECONOMICS AND FINANCE,2015,some-applications-of-rough-set-theory-in-economics-and-finance,,MỘT SỐ ỨNG DỤNG LÝ THUYẾT TẬP THÔ TRONG KINH TẾ VÀ TÀI CHÍNH,BISC 14 – TRƯỜNG ĐẠI HỌC KINH TẾ HCM
Hoàn thành,119,,,ct_119,moi-quan-he-pho-bien-cua-snappers-lutjanidae-dua-tren-cac-chuoi-dna-mitochodrial,PHYLOGENETIC RELATIONSHIPS OF SNAPPERS (LUTJANIDAE) BASED ON MITOCHODRIAL DNA SEQUENCES,2015,phylogeneticrelationshipsofsnapperslutjanidaebasedonmitochodrialdnasequences,,MỐI QUAN HỆ PHỔ BIẾN CỦA SNAPPERS (LUTJANIDAE) DỰA TRÊN CÁC CHUỖI DNA MITOCHODRIAL,MARINE BIOTECHNOLOGY AND ENVIRONMENT – NHA TRANG UNIVERSITY
Hoàn thành,120,"Nha Trang and Cam Ranh Bays have a range particular
importance for marine biodiversity, where concentrate coastal fishing
grounds. However, it is strongly affected from human activities such
as overexploitation, destructive fishing, contamination, leading to
impairment of natural resources.A WebGIS is designed with tools and features that are common on
Web pages, so it is easy to understand for users familiar with the
Internet. Currently, WebGIS are rapidly applied in biodiversity
assessment and conservation.For biodiversity research, reef fish were collected at Nha Trang
and Cam Ranh Bays from 2013 to 2014. More than 30 species were
identified by morphologic and genetic characters. Our research aim to
develop an interactive WebGIS and database of reef fishes
biodiversity.We use ArcGIS Desktop and ArcGIS Server, commercially
available software, which was extended using a Visual Basic to
customize our application. Map and WebGIS were set up for the
biodiversity data (species composition, distribution, morphologic and
genetic characters of reef fish). The database can provide biodiversity
information to create the natural resources network, which can be
shared effectively between stakeholders for resource management and
conservation.",,ct_120,webgis-da-dang-sinh-hoc-ca-ran-ran-tai-vinh-nha-trang-va-cam-ranh-tinh-khanh-hoa-viet-nam,"WEBGIS FOR REEF FISHES BIODIVERSITY AT NHA TRANG AND CAM RANH BAYS IN KHANH HOA PROVINCE, VIETNAM",2015,webgisforreeffishesbiodiversityatnhatrangandcamranhbaysinkhanhhoaprovincevietnam,http://localhost:5000/uploads/pdfs/d749e148-4889-4cc7-9e10-b14cbfd0a1b4_3734C0515012.pdf,"WEBGIS ĐA DẠNG SINH HỌC CÁ RẠN RẠN TẠI VỊNH NHA TRANG VÀ CAM RANH TỈNH KHÁNH HÒA, VIỆT NAM",IICBE INTERNATIONAL CONFERENCE 06/2015 – SINGAPORE
Hoàn thành,121,,,ct_121,ung-dung-phan-mem-prezi-trong-xay-dung-slides-bai-giang-bao-cao,APPLYING PREZI SOFTWARE IN BUILDING LECTURE SLIDES/REPORTS,2015,applying-prezi-software-in-building-lecture-slidesreports,,ỨNG DỤNG PHẦN MỀM PREZI TRONG XÂY DỰNG SLIDES BÀI GIẢNG/ BÁO CÁO,HỘI THẢO KHOA HỌC KHOA TỰ NHIÊN LẦN 5 – TRƯỜNG CĐSP NHA TRANG
Hoàn thành,126,,,ct_126,tan-cong-man-in-the-midle-mitm-trong-mang-sdn-va-giai-phap,MAN IN THE MIDLE (MITM) ATTACK IN SDN NETWORK AND SOLUTION,2021,man-in-the-midle-mitm-attack-in-sdn-network-and-solution,,TẤN CÔNG MAN IN THE MIDLE (MITM) TRONG MẠNG SDN VÀ GIẢI PHÁP,HỘI THẢO ICT ĐẠI HỌC ĐÀ LẠT
Hoàn thành,127,,,ct_127,vai-tro-cua-yeu-to-con-nguoi-trong-an-toan-mang,THE ROLE OF HUMAN FACTORS IN CYBER SECURITY,2019,the-role-of-human-factors-in-cyber-security,,VAI TRÒ CỦA YẾU TỐ CON NGƯỜI TRONG AN TOÀN MẠNG,HỘI THẢO ICT ĐẠI HỌC NHA TRANG
Hoàn thành,128,"Do sự di chuyển thường xuyên của Máy bay không người lái (UAV) trong Mạng Ad-Hoc Bay (FANET), việc tăng Tỷ lệ phân phối gói (PDR) từ UAV đến Trạm điều khiển mặt đất (GCS) là một vấn đề lớn. Trong nghiên cứu này, một giải pháp được đề xuất, đã được cải tiến từ máy bay không người lái (UAV) tiêu chuẩn để giải quyết thách thức này. Ý tưởng của giải pháp được đề xuất là tạo ra một FANET phân cấp hai lớp, lõi và các lớp truy cập. Lớp lõi bao gồm một số UAV bay theo mô hình di động kèm theo để tạo thành một xương sống kết nối với GCS. Lớp truy cập bao gồm các UAV còn lại sử dụng UAV lớp lõi làm cổng để truyền dữ liệu đến GCS. Giải pháp được đề xuất được so sánh với kiến trúc cải tiến về PDR, thông lượng và độ trễ từ đầu đến cuối. Kết quả mô phỏng được thực hiện bằng OMNeT++ chứng minh rằng phương pháp được đề xuất vượt trội hơn kiến trúc cải tiến trong các chỉ số hiệu suất được đánh giá.",,ct_128,mot-kien-truc-fanet-hieu-qua-va-chi-phi-thap-su-dung-mo-hinh-di-dong-kem-theo-de-tao-lop-cot-loi-ket-noi-uav-va-tram-dieu-khien-mat-dat,AN EFFICIENT AND LOW-COST HIERARCHICAL FANET ARCHITECTURE USING THE ATTACHED MOBILITY MODEL TO CREATE THE CORE LAYER FOR CONNECTING UAVS AND GROUND CONTROL STATIONS,2023,anefficientandlowcosthierarchicalfanetarchitectureusingtheattachedmobilitymodeltocreatethecorelayerforconnectinguavsandgroundcontrolstations,https://www.jait.us/show-238-1521-1.html,MỘT KIẾN TRÚC FANET HIỆU QUẢ VÀ CHI PHÍ THẤP SỬ DỤNG MÔ HÌNH DI ĐỘNG KÈM THEO ĐỂ TẠO LỚP CỐT LÕI KẾT NỐI UAV VÀ TRẠM ĐIỀU KHIỂN MẶT ĐẤT,"JOURNAL OF ADVANCES IN INFORMATION TECHNOLOGY, ESCI, Q3"
Hoàn thành,129,"The use of FANET for search and rescue operations has attracted considerable attention due to its ability to rapidly deploy communication networks in remote and disaster-affected areas. Routing protocols play an important role in ensuring timely and reliable data transmission to the ground control station. However, the high mobility of UAVs makes the efficiency of routing protocols difficult to achieve as expected, depending heavily on the parameter selection for each mobility model and the range of the UAV. In this study, we examined the mobility samples of two mobility models Gauss-Markov and MassMobility, and proposed a solution to deploy FANET for search and rescue operations (named Regioned FANET). Under this solution, a search and rescue area are divided into fixed zones, the UAVs are assigned to operate in each specific area, all the UAVs cooperate to send data to the ground control station. Simulation results on OMNeT++ showed that changing the parameters of the mobility model affects the routing efficiency, using the proposed deployment strategy improves performance in terms of successful packet delivery rate, end-to-end latency and average throughput compared to normal deployment strategy.",,ct_129,cai-thien-hieu-nang-fanet-ung-dung-trong-tim-kiem-cuu-nan-tham-so-mo-hinh-di-dong-va-chien-luoc-trien-khai,IMPROVING FANET APPLICATION PERFORMANCE IN SEARCH AND RESCUE: MOBILE MODEL PARAMETERS AND DEPLOYMENT STRATEGY,2023,improving-fanet-application-performance-in-search-and-rescue-mobile-model-parameters-and-deployment-strategy,https://www.researchgate.net/publication/376555708_IMPROVING_FANET_PERFORMANCE_IN_SEARCH_AND_RESCUE_APPLICATIONS_MOBILITY_MODEL_PARAMETERS_AND_IMPLEMENTATION_STRATEGY,CẢI THIỆN HIỆU NĂNG FANET ỨNG DỤNG TRONG TÌM KIẾM CỨU NẠN: THAM SỐ MÔ HÌNH DI ĐỘNG VÀ CHIẾN LƯỢC TRIỂN KHAI,FAIR'2023
Hoàn thành,130,"Phân cụm dựa trên mật độ là một trong những công cụ được sử dụng nhiều nhất trong phân tích dữ liệu phân cụm vì nó có thể phát hiện cụm có hình dạng và nhiễu tùy ý. Một số phương pháp đã được đề xuất trong tài liệu như DBSCAN và phân cụm đỉnh mật độ. Trong phân cụm mật độ đỉnh (DPC), kết quả có thể phụ thuộc trực tiếp vào phương pháp được sử dụng trong ước tính mật độ. Trong bài báo này, chúng tôi tiến hành một số thí nghiệm với các tập dữ liệu khác nhau để quan sát và phân tích kết quả thu được bởi DPC khi sử dụng một số loại ước tính mật độ.",,ct_130,danh-gia-cum-mat-do-dinh,DENSITY PEAK CLUSTERING EVALUATION,2023,densitypeakclusteringevaluation,https://ieeexplore.ieee.org/document/10079561,ĐÁNH GIÁ CỤM MẬT ĐỘ ĐỈNH,"2023 25TH INTERNATIONAL CONFERENCE ON ADVANCED COMMUNICATION TECHNOLOGY (ICACT), PYEONGCHANG, KOREA, REPUBLIC OF, PP. 126-129"
Hoàn thành,131,"Bài báo này trình bày kết quả nghiên cứu về ứng dụng của học tăng cường cho các giao thức định tuyến trongmạng FANET. Một thuật toán định tuyến dựa trên vị trí (VAQR) được đề xuất với ý tưởng xây dựng một hàm phần thưởng sử dụng
hai độ đo vận tốc tương đối và góc, bảng định tuyến của mỗi nút được cập nhật sử dụng thuật toán Q-learning với hàm phần thưởngđược đề xuất. Kết quả mô phỏng trên OMNeT++ cho thấy rằng thuật toán được đề xuất đạt được hiệu năng cao về mặt tỉ lệ chuyển gói thành công và thông lượng so với giao thức GPSR, với trễ truyền tải trung bình cao hơn trong phạm vi chấp nhận được",,ct_131,vaqr-mot-tiep-can-hoc-tang-cuong-trong-dinh-tuyen-fanet,VAQR: A REINFORCED LEARNING APPROACH IN FANET ROUTING,2022,vaqr-a-reinforced-learning-approach-in-fanet-routing,https://csdlkhoahoc.hueuni.edu.vn/data/2023/6/mctho-fair_2022-ok.pdf,VAQR: MỘT TIẾP CẬN HỌC TĂNG CƯỜNG TRONG ĐỊNH TUYẾN FANET,"HỘI NGHỊ KHOA HỌC QUỐC GIA LẦN THỨ XV VỀ ""NGHIÊN CỨU CƠ BẢN VÀ ỨNG DỤNG CÔNG NGHỆ THÔNG TIN"""" (FUNDAMENTAL AND APPLIED INFORMATION TECHNOLOGY) - FAIR'2022"
Hoàn thành,132,"Bài báo cáo này tôi trình bày một thử nghiệm họcchuyển giao cho bài toán phân lớp ảnh y khoa là ảnh siêu âm vú.Kết quả thử nghiệm cho thấy, với học chuyển giao từ ResNet50cho kết quả tốt nhất đạt được là 88%, đồng thời ở mô hìnhchuyển giao này, hàm tối ưu RMSprop là phù hợp nhất với bàitoán.",,ct_132,mot-thu-nghiem-hoc-chuyen-giao-trong-bai-toan-phan-lop-anh-sieu-am-vu,A TRANSFER LEARNING EXPERIMENT IN THE PROBLEM OF BREAST ULTRASONIC IMAGE CLASSIFICATION,2022,a-transfer-learning-experiment-in-the-problem-of-breast-ultrasonic-image-classification,https://ict2022.tbd.edu.vn/wp-content/uploads/2022/10/Proceeding-ICT2022.pdf,MỘT THỬ NGHIỆM HỌC CHUYỂN GIAO TRONG BÀI TOÁN PHÂN LỚP ẢNH SIÊU ÂM VÚ,"ICT2022, ĐẠI HỌC THÁI BÌNH DƯƠNG, ISBN: 978-604-67-2385-1"
Hoàn thành,133,"AODV là một giao thức dạng phản ứng được dùngphổ biến trong MANET. Quá trình khám phá tuyến bắt mỗi khinút cần truyền dữ liệu đến đích, thông qua việc quảng bá góiRREQ để xây dựng lộ trình. Đây là một yếu điểm đã được lợidụng để thực hiện hành vi dạng tấn công từ chối dịch vụ, tấncông ngập lụt. Trong bài báo này, chúng tôi nghiên cứu và càiđặt một giải pháp chống tấn công ngập lụt gói RREQ trênAODV. Sử dụng hệ mô phỏng OMNeT++, chúng tôi đánh giáhiệu quả của giải pháp trong các kịch bản mạng bị tấn công ngậplụt. Kết quả cho thấy rằng giải pháp đề xuất đạt được hiệu quảchống tấn công ngập lụt tốt hơn AODV gốc.",,ct_133,chong-tan-cong-ngap-lut-goi-rreq-tren-giao-thuc-aodv-cua-mang-manet,AGAINST RREQ PACKET FLOODING ATTACK ON AODV PROTOCOL OF MANET,2022,against-rreq-packet-flooding-attack-on-aodv-protocol-of-manet,http://localhost:5000/uploads/pdfs/3c167a83-f6b2-4d7d-ac2e-45014c064d76_Proceeding-ICT2022.pdf,CHỐNG TẤN CÔNG NGẬP LỤT GÓI RREQ TRÊN GIAO THỨC AODV CỦA MẠNG MANET,"HỘI THẢO CÔNG NGHỆ THÔNG TIN VÀ TRUYỀN THÔNG- ICT2022 -TRƯỜNG ĐẠI HỌC THÁI BÌNH DƯƠNG, 15/7/2022"
Hoàn thành,134,,,ct_134,mot-de-xuat-cai-tien-giao-thuc-aodv-chong-tan-cong-lo-den-tren-mang-manet-dua-tren-do-tin-cay,A PROPOSAL TO IMPROVE THE AODV PROTOCOL AGAINST BLACK HOLE ATTACK ON MANET BASED ON RELIABILITY,2021,a-proposal-to-improve-the-aodv-protocol-against-black-hole-attack-on-manet-based-on-reliability,,MỘT ĐỀ XUẤT CẢI TIẾN GIAO THỨC AODV CHỐNG TẤN CÔNG LỖ ĐEN TRÊN MẠNG MANET DỰA TRÊN ĐỘ TIN CẬY,"HỘI THẢO CÔNG NGHỆ THÔNG TIN VÀ TRUYỀN THÔNG- ICT2021, TRƯỜNG, ĐẠI HỌC ĐÀ LẠT, ISBN 978-604-67-2096-6"
Hoàn thành,135,,,ct_135,luan-van-cao-hoc-nghien-cuu-thuat-toan-khai-pha-tap-pho-bien-eclat-va-cac-bien-the,MASTER THESIS: STUDY OF ECLAT COMMON SET MINING ALGORITHM AND VARIATIONS,2019,master-thesis-study-of-eclat-common-set-mining-algorithm-and-variations,,LUẬN VĂN CAO HỌC: NGHIÊN CỨU THUẬT TOÁN KHAI PHÁ TẬP PHỔ BIẾN ECLAT VÀ CÁC BIẾN THỂ,LUẬN VĂN THẠC SĨ
Hoàn thành,136,,,ct_136,do-an-tot-nghiep-dai-hoc-nghien-cuu-va-xay-dung-he-thong-nhan-dang-mat-nguoi-dua-tren-adaboots,UNIVERSITY GRADUATION PROJECT: RESEARCH AND BUILDING A HUMAN FACE RECOGNITION SYSTEM BASED ON ADABOOTS,2008,university-graduation-project-research-and-building-a-human-face-recognition-system-based-on-adaboots,,ĐỒ ÁN TỐT NGHIỆP ĐẠI HỌC: NGHIÊN CỨU VÀ XÂY DỰNG HỆ THỐNG NHẬN DẠNG MẶT NGƯỜI DỰA TRÊN ADABOOTS,ĐỒ ÁN TỐT NGHIỆP
Hoàn thành,137,"Trong mạng FANET, sự biến động nhanh chóng của chất lượng kênh truyền do khoảng cách giữa các UAV thay đổi liên tục trong quá trình di chuyển, nhiễu giao thoa, điều kiện môi trường, công suất phát và hiệu ứng đa đường ảnh hưởng đáng kể đến hiệu quả truyền tải dữ liệu. Bài báo này đề xuất giao thức GPSR-RA (GPSR with Rate Adaptation), một cải tiến của GPSR, nhằm điều chỉnh tốc độ bít trong quá trình truyền tải dữ liệu dựa trên chất lượng kênh. GPSR-RA điều chỉnh tốc độ bít động bằng cách sử dụng chỉ số SNIR (Signal-to-Noise-plus-Interference Ratio) để chọn mức tốc độ bít phù hợp, từ đó giúp tăng tỷ lệ chuyển gói, giảm độ trễ khi chất lượng kênh xấu và tối đa hóa sử dụng băng thông khi chất lượng kênh tốt. GPSR-RA kế thừa cơ chế chọn đường của GPSR nhưng bổ sung cơ chế điều chỉnh tốc độ bít động dựa trên chỉ số chất lượng kênh SNIR và các mức ngưỡng điều chỉnhGPSR-RA thu thập SNIR từ tầng vật lý thông qua các gói tin Hello và chuyển thông tin này xuống tầng MAC ngay sau khi xác định được nút chuyển tiếp. Mô-đun điều chỉnh tốc độ bít MACSnir-RA) của GPSR-RA sử dụng SNIR để chủ động tăng hoặc giảm tốc độ bít, giúp hệ thống phản ứng kịp thời với sự thay đổi của kênh truyền, từ đó cải thiện hiệu năng mạng. Kết quả mô phỏng giao thức đề xuất trên OMNeT++ cho thấy GPSR-RA cải thiện đáng kể tỷ lệ chuyển gói thành công, tăng thông lượng và giảm trễ so với GPSR.",,ct_137,gpsr-ra-giao-thuc-dinh-tuyen-dua-tren-vi-tri-da-lop-voi-dieu-chinh-bitrate-dong-cho-fanet,GPSR-RA: A CROSS-LAYER POSITION-BASED ROUTING PROTOCOL WITH DYNAMIC BITRATE ADAPTATION FOR FANETS,2025,gpsrraacrosslayerpositionbasedroutingprotocolwithdynamicbitrateadaptationforfanets,https://jos.hueuni.edu.vn/index.php/hujos-tt/article/view/7762/2398,GPSR-RA: GIAO THỨC ĐỊNH TUYẾN DỰA TRÊN VỊ TRÍ ĐA LỚP VỚI ĐIỀU CHỈNH BITRATE ĐỘNG CHO FANET,HUE UNIVERSITY JOURNAL
Hoàn thành,138,"This paper presents GPSR-CB, a cross-layer approach to enhance the performance of greedy forwarding in the Greedy Perimeter Stateless Routing (GPSR) protocol for flying ad-hoc networks (FANETs) with multi-level backbone unmanned aerial vehicle (UAV). The cross-layer design combines adaptive transmission power control, link quality monitoring to assess and select reliable links, and ACK-based feedback mechanisms to address routing-void challenges in location-based routing. Specifically, GPSR-CB leverages a multi-level backbone UAV to support the greedy forwarding mode, whereas power control, link quality assessment, and ACK-based feedback help mitigate the changes in network topology, unstable links, and unreliable channels, particularly in FANET environments with noise and interference. Through comprehensive simulations conducted using OMNeT++, we demonstrate that GPSR-CB outperforms the compared protocols in terms of packet delivery ratio, network throughput, and power consumption.",,ct_138,gpsr-cb-thuat-toan-dinh-tuyen-moi-cho-fanet-su-dung-mo-hinh-da-lop-ket-hop-voi-uav-backbone-da-cap,GPSR-CB: A NOVEL ROUTING ALGORITHM FOR FANET USING CROSS-LAYER MODELS IN COMBINATION WITH MULTI-LEVEL BACKBONE UAV,2025,gpsrcbanovelroutingalgorithmforfanetusingcrosslayermodelsincombinationwithmultilevelbackboneuav,https://www.sciencedirect.com/science/article/abs/pii/S1570870525000769,GPSR-CB: THUẬT TOÁN ĐỊNH TUYẾN MỚI CHO FANET SỬ DỤNG MÔ HÌNH ĐA LỚP KẾT HỢP VỚI UAV BACKBONE ĐA CẤP,"AD HOC NETWORKS, SCIE Q1"
Hoàn thành,139,"In recent years, flying ad hoc networks (FANETs) have been extensively applied owing to rapid advancements in unmanned aerial vehicles (UAVs). The continuous mobility of UAVs, coupled with their operational environment in three-dimensional space, presents significant challenges for routing in FANETs. Additionally, factors such as link stability, link quality, link bitrate, and the ability to forward packets of the next-hop node directly impact routing efficiency. Combining machine learning and location-based routing approaches helps address these challenges. This paper proposes a location-based routing protocol that integrates the Q-learning (QL) reinforcement learning algorithm with dynamic link bitrate adjustment and a penalty mechanism for QL based on retransmission signals from the link layer. Performance evaluations conducted using OMNeT++ demonstrate that the proposed algorithm has markedly enhanced network performance in terms of packet delivery ratio, network throughput, end-to-end delay, link broken count, and packet error rate compared with other well-known routing algorithms.",,ct_139,qlr-fanet-giao-thuc-dinh-tuyen-dua-tren-q-learning-va-kiem-soat-ty-le-cho-mang-bay-ad-hoc,QLR-FANET: A Q-LEARNING AND RATE CONTROL-BASED ROUTING PROTOCOL FOR FLYING AD HOC NETWORK,2025,qlrfanetaqlearningandratecontrolbasedroutingprotocolforflyingadhocnetwork,https://onlinelibrary.wiley.com/doi/abs/10.4218/etrij.2024-0298,QLR-FANET: GIAO THỨC ĐỊNH TUYẾN DỰA TRÊN Q-LEARNING VÀ KIỂM SOÁT TỶ LỆ CHO MẠNG BAY AD HOC,"ETRI JOURNAL, SCIE Q2"
Hoàn thành,140,"Hiện nay, việc nghiên cứu học tăng cường cho các giao thức định tuyến đã nhận được nhiều sự quan tâm.Trong MANET, tính di động cao của các nút dẫn đến cấu trúc liên kết động và không bền vững, đó là thách thức yêu cầu giao thứcđịnh tuyến cần phải thích ứng nhanh. Học tăng cường đã được chứng minh là có thể giải quyết được thách thức định tuyến nàybằng cách cho các nút mạng quan sát và thu thập thông tin từ môi trường hoạt động cục bộ của chúng, học và đưa ra các quyếtđịnh định tuyến một cách hiệu quả. Bài báo này, tập trung vào việc áp dụng mô hình học tăng cường để định tuyến trong mạngMANET nhằm nâng cao hiệu năng mạng. Kết quả mô phỏng sử dụng NS2 cho thấy rằng, giao thức định tuyến có ứng dụng học tăngcường đã nâng cao được hiệu năng về tỉ lệ gửi gói dữ liệu thành công và thông lượng mạng.",,ct_140,rlmr-mot-phuong-phap-ap-dung-hoc-tang-cuong-cho-dinh-tuyen-trong-mang-tuy-bien-di-dong,RLMR: AN APPROACH TO APPLYING REINFORCATION LEARNING TO ROUTING IN MOBILE ADVERTISING NETWORKS,2023,rlmr-an-approach-to-applying-reinforcation-learning-to-routing-in-mobile-advertising-networks,https://vap.ac.vn/Portals/0/TuyenTap/2024/2/23/f601d30719fb4560afeabc3bd631b954/94BB_FAIR2023_paper_8451.pdf,RLMR: MỘT PHƯƠNG PHÁP ÁP DỤNG HỌC TĂNG CƯỜNG CHO ĐỊNH TUYẾN TRONG MẠNG TÙY BIẾN DI ĐỘNG,FAIR2023
Hoàn thành,141,"OLSR là giao thức sử dụng phổ biến trong định tuyến trên MANET, việc ứng dụngtrực tiếp OLSR cho FANET không mang lại hiệu quả định tuyến cao do tính diđộng cao của các UAV. Giá trị các tham số thời gian hiệu lực của liên kết lánggiềng (Neighb_Hold_Time) và thời gian hiệu lực của thông tin cấu trúc liên kếtmạng (Top_Hold_Time) mặc định và cố định của OLSR chưa phù hợp khi ứngdụng vào FANET. Bài báo này chúng tôi đánh giá ảnh hưởng của hai tham số trênđến hiệu năng mạng và từ đó thử nghiệm kỹ thuật điều chỉnh động các tham số đótheo dải vận tốc chuyển động của các UAV. Kết quả thử nghiệm trên hệ mô phỏngOMNET++ cho thấy kỹ thuật điều chỉnh động đề xuất cải thiện được hiệu năng ởchỉ số chuyển gói thành công, trễ đầu-cuối trung bình và thông lượng khi ứngdụng vào FANET.",,ct_141,dieu-chinh-tham-so-thoi-gian-hieu-luc-trong-giao-thuc-olsr-nham-cai-thien-hieu-nang-fanet,ADJUSTING VALIDITY TIME PARAMETERS IN OLSR PROTOCOL TO IMPROVE FANET PERFORMANCE,2023,adjusting-validity-time-parameters-in-olsr-protocol-to-improve-fanet-performance,https://jos.husc.edu.vn/UPLOADS/numbers/67/1028_fulltext_09._mai_cuong_tho.pdf,ĐIỀU CHỈNH THAM SỐ THỜI GIAN HIỆU LỰC TRONG GIAO THỨC OLSR NHẰM CẢI THIỆN HIỆU NĂNG FANET,"TẠP CHÍ KHOA HỌC VÀ CÔNG NGHỆ, TRƯỜNG ĐẠI HỌC KHOA HỌC, ĐẠI HỌC HUẾ, TẬP 22(1B), TRANG 105-116"
Hoàn thành,142,"Tấn công lỗ đen là một trong những mối đe dọa phổ biến trong mạng MANET, ở đó các nút độc hại cố gắng
nhận tất cả các gói dữ liệu từ nút nguồn bằng việc gửi trả lời yêu cầu tuyến bằng một gói RREP giả mạo rằng nó có đường đi tốt
nhất đến đích và sau đó sẽ xóa tất cả các gói nhận được. Trong bài báo này, chúng tôi đề xuất một cải tiến giao thức AODV chống
lại tấn công lỗ đen dựa trên 3 yếu tố tin cậy là thời gian phản hồi, lượng gói RREQ đã chuyển tiếp và đặc điểm của số DSN. Sử
dụng hệ mô phỏng OMNeT++5.6, chúng tôi so sánh hiệu năng của AODV và giao thức cải tiến T3-AODV trong các kịch bản mạng
bị tấn công lỗ đen. Kết quả mô phỏng cho thấy rằng T3-AODV đạt được hiệu năng tốt hơn AODV gốc trong tỉ lệ phát gói thành
công và thông lượng khi bị tấn công lỗ đen và hoạt động bình thường.",,ct_142,mot-giai-phap-phat-hien-tan-cong-lo-den-dua-tren-giao-thuc-t3-aodv-cua-mang-manet,A SOLUTION FOR DETECTING BLACK HOLE ATTACKS BASED ON MANET'S T3-AODV PROTOCOL,2021,a-solution-for-detecting-black-hole-attacks-based-on-manets-t3-aodv-protocol,https://csdlkhoahoc.hueuni.edu.vn/data/2022/3/68_FAIR2021_paper_29.pdf,MỘT GIẢI PHÁP PHÁT HIỆN TẤN CÔNG LỖ ĐEN DỰA TRÊN GIAO THỨC T3-AODV CỦA MẠNG MANET,"HỘI NGHỊ KHOA HỌC QUỐC GIA LẦN THỨ XIV VỀ ""NGHIÊN CỨU CƠ BẢN VÀ ỨNG DỤNG CÔNG NGHỆ THÔNG TIN"""" (FUNDAMENTAL AND APPLIED INFORMATION TECHNOLOGY) - FAIR'2021"""
Hoàn thành,143,"Bài báo này trình báy kết quả nghiên cứu kiến trúc phần mềm mô phỏng mạng OMNeT++ 5.6, thư viện INET4.x và NETA framework, từ đó thiết kế xây dựng nền tảng ứng dụng (NTU-Attack) để mô phỏng một số hình thưc tấn công và chống tấn công mạng MANeT trên giao thức AODV. Nền tảng này được thiết kế để tiếp tục phát triển để để nghiên cứu và thực nghiệm các tấn công, và các giải pháp phát hiện và phòng chống
tấn công mạng MANET khác.",,ct_143,nen-tang-mo-phong-tan-cong-mang-manet-ntuattack,MANET ATTACK SIMULATION PLATFORM – NTU_ATTACK,2020,manet-attack-simulation-platform-ntuattack,https://khoacntt.ntu.edu.vn/Portals/54/Users/037/93/293/myPublish/conference_FIT_NTU_2020.pdf?ver=0ho2G-X5BAiJch5wS_-lMg%3d%3d&timestamp=1653121866772,NỀN TẢNG MÔ PHỎNG TẤN CÔNG MẠNG MANET – NTU_ATTACK,"HỘI THẢO KHOA HỌC KHOA, ĐỀ TÀI NCKH, 2020"
Hoàn thành,144,"Hệ thống phát hiện xâm nhập mạng là một trong những giải pháp được triển khai để bảo vệ hệthống mạng máy tính và máy chủ khỏi các xâm nhập có hại. Hệ thống máy chủ web/website của doanh nghiệp là mục tiêu thường được nhiều kẻ tấn công nhắm tới, qua đó thực hiện các leothang đặc quyển. Các kẻ tấn công mạng luôn luôn thay đổi các công cụ và kỹ thuật để xâm nhập mạng, do vậy việc xây dựng một hệ thống phát hiện xâm nhập mạng đủ tốt vẫn là một công việcđầy thách thức. Trong bài viết này chúng tôi thực hiện một số thử nghiệm và đánh giá hiệu quảcủa một IDS sử dụng một số thuật toán học máy trên tập con của bộ dữ liệu xâm nhập mạng
CICIDS2017. Kết quả thực nghiệm cho thấy rằng vẫn có sự nhầm lẫn giữa các kiểu tấn công Brute force và XSS. Tuy vậy nếu chỉ để phát hiện hệ thống website có bị tấn công hay không thì việc ứng dụng các thuật toán này vào xây dựng các hệ thống Host based IDS là có thể chấp nhận được",,ct_144,danh-gia-mot-so-thuat-toan-hoc-may-ung-dung-trong-trien-khai-he-thong-phat-hien-tan-cong-website,EVALUATION OF SOME MACHINE LEARNING ALGORITHMS APPLIED IN DEPLOYING WEBSITE ATTACK DETECTION SYSTEMS,2020,evaluation-of-some-machine-learning-algorithms-applied-in-deploying-website-attack-detection-systems,https://khoacntt.ntu.edu.vn/Portals/54/Users/037/93/293/myPublish/ICT2019_CuongTho_VanTuan.pdf?ver=QwZF2uSix2DOvacBSxrtVg%3d%3d&timestamp=1653121721766,ĐÁNH GIÁ MỘT SỐ THUẬT TOÁN HỌC MÁY ỨNG DỤNG TRONG TRIỂN KHAI HỆ THỐNG PHÁT HIỆN TẤN CÔNG WEBSITE,"HỘI THẢO CÔNG NGHỆ THÔNG TIN VÀ TRUYỀN THÔNG- ICT2020, 2020"
Hoàn thành,145,"Bằng việc lướt qua website các trường Đại học trong và ngoài nước, chúng tôi thấy khá nhiều trường đại học không có hoặc có rất ít các trang web học thuật cá nhân của các cán bộ giảng viên, và trong số ít các trang web học thuật đó, nội dung không đầy đủ, không đồng bộ. Điều này gây tác động không tốt đối với hình ảnh nhà trường cũng như cán bộ giảng viên trên không gian Internet, cũng như thứ hạng trường đại học được đánh giá bởi Webometrics. Nguyên nhân thì có nhiều, nhưng chúng tôi thấy cơ bản vẫn là khó khăn và mất nhiều thời gian trong việc xây dựng các trang web như vậy đối với các cán bộ, giảng viên, nhà khoa học không chuyên lĩnh vực công nghệ thông tin. Trên cơ sở đó chúng tôi nghiên cứu cấu trúc, tổ chức thông tin chung của các website học thuật và xây dựng một công cụ sinh website tĩnh cho các giảng viên đại học chỉ đơn giản bằng thao tác điền vào các biểu mẫu.",,ct_145,sinh-tu-dong-website-hoc-thuat-cho-giang-vien-dai-hoc,AUTOMATICALLY GENERATED ACADEMIC WEBSITES FOR UNIVERSITY TEACHERS,2017,automatically-generated-academic-websites-for-university-teachers,https://khoacntt.ntu.edu.vn/Portals/54/Users/037/93/293/myPublish/MaiCuongTho_ICTDaLat2017.pdf?ver=9OWkkjN5fT_X8rTQwfIqMw%3d%3d&timestamp=1653122040801,SINH TỰ ĐỘNG WEBSITE HỌC THUẬT CHO GIẢNG VIÊN ĐẠI HỌC,"HỘI THẢO CÔNG NGHỆ THÔNG TIN VÀ TRUYỀN THÔNG- ICT2018, ĐÀ LẠT, 2017"
Hoàn thành,146,"Nâng cao thứ hạng trường đại học trên thang xếp hạng của các tổ chức có uy tín trên thế giới đang là chủ đề ngày càng được các trường đại học quan tâm, kể cả ở các quốc gia đang phát triển. Tại Việt Nam, sự quan tâm này cũng bắt đầu xuất hiện trong vài năm gần đây ở nhiều trường đại học, nhất là đối với các tổ chức xếp hạng có cách đánh giá không quá đặt nặng yếu tố nghiên cứu khoa học trong hệ thống tiêu chí đánh giá, chẳng hạn như Quacquarelli Symonds và Webometrics. Bài viết phân tích những yếu tố được hai tổ chức này sử dụng trong đánh giá. Dựa trên các phân tích, chúng tôi đề xuất một số giải pháp nhằm giúp các trường đại học nâng cao thứ hạng được đánh giá bởi Quacquarelli Symonds và Webometrics.",,ct_146,xay-dung-va-trien-khai-mot-so-giai-phap-nham-phat-trien-va-nang-cao-chat-luong-he-thong-thong-tin-tren-website-cua-truong-dai-hoc-nha-trang-theo-yeu-cau-cua-cac-to-chuc-kiem-dinh-chat-luong-giao-duc,BUILDING AND IMPLEMENTING SOME SOLUTIONS TO DEVELOP AND IMPROVE THE QUALITY OF THE INFORMATION SYSTEM ON THE WEBSITE OF NHA TRANG UNIVERSITY ACCORDING TO THE REQUIREMENTS OF EDUCATION QUALITY ACCOUNTING ORGANIZATIONS,2015,building-and-implementing-some-solutions-to-develop-and-improve-the-quality-of-the-information-system-on-the-website-of-nha-trang-university-according-to-the-requirements-of-education-quality-accounting-organizations,https://vjol.info.vn/index.php/tckhvl/article/view/29589/25242,XÂY DỰNG VÀ TRIỂN KHAI MỘT SỐ GIẢI PHÁP NHẰM PHÁT TRIỂN VÀ NÂNG CAO CHẤT LƯỢNG HỆ THỐNG THÔNG TIN TRÊN WEBSITE CỦA TRƯỜNG ĐẠI HỌC NHA TRANG THEO YÊU CẦU CỦA CÁC TỔ CHỨC KIỂM ĐỊNH CHẤT LƯỢNG GIÁO DỤC,"TẠP CHÍ KHOA HỌC ĐẠI HỌC VĂN LANG, 2015, ISSN 2525-2429"
Hoàn thành,147,,,ct_147,truy-van-thong-tin-trong-tieng-noi-tieng-viet,INFORMATION QUERY IN VIETNAMESE VOICE,2011,information-query-in-vietnamese-voice,,TRUY VẤN THÔNG TIN TRONG TIẾNG NÓI TIẾNG VIỆT,LUẬN VĂN TỐT NGHIỆP -SAU ĐẠI HỌC – ĐHBK HÀ NỘI
Hoàn thành,148,,,ct_148,xay-dung-cong-cu-va-de-danh-gia-quy-luat-bien-thien-bien-do-tin-hieu-tieng-noi-theo-cac-thanh-dieu-tieng-viet,TO BUILD A TOOL AND / TO EVALUATE THE LAW OF VARIATION OF VOICE SIGNAL AMPLIFICATION ACCORDING TO VIETNAMESE TONES,2003,to-build-a-tool-and-to-evaluate-the-law-of-variation-of-voice-signal-amplification-according-to-vietnamese-tones,,XÂY DỰNG CÔNG CỤ VÀ / ĐỂ ĐÁNH GIÁ QUY LUẬT BIẾN THIÊN BIÊN ĐỘ TÍN HIỆU TIẾNG NÓI THEO CÁC THANH ĐIỆU TIẾNG VIỆT,ĐỒ ÁN TỐT NGHIỆP ĐHBK HÀ NỘI
Hoàn thành,151,"Mô hình điện toán biên đã nổi lên như một phạm vi mới trong lĩnh vực Internet vạn vật (IoT) bằng cách đưa các dịch vụ đám mây lên biên mạng để xây dựng các kiến trúc phân tán. Để triển khai hiệu quả các dịch vụ ứng dụng IoT nhạy cảm với độ trễ và ngốn băng thông, các mô hình điện toán biên sử dụng các thiết bị trên ngoại vi mạng được phân tán và hạn chế tài nguyên. Mặt khác, kiến trúc vi dịch vụ ngày càng trở nên phổ biến để phát triển các ứng dụng IoT do lợi thế về khả năng bảo trì và khả năng mở rộng của chúng. Cung cấp một phương tiện giao tiếp hiệu quả cho các ứng dụng IoT dựa trên vi dịch vụ quy mô lớn được xây dựng từ các dịch vụ nhỏ và độc lập để hợp tác cung cấp các dịch vụ giá trị gia tăng vẫn là một thách thức. Bài báo này giới thiệu một phương tiện truyền thông theo hướng sự kiện tận dụng các nhà môi giới xuất bản/đăng ký Edge–Cloud cho các ứng dụng IoT dựa trên vi dịch vụ trên quy mô lớn. Sử dụng mô hình tương tác, các vi dịch vụ liên quan có thể cộng tác và trao đổi dữ liệu thông qua các sự kiện được kích hoạt một cách linh hoạt và hiệu quả mà không thay đổi logic kinh doanh cơ bản của chúng. Trong mô hình được đề xuất, các nhà môi giới biên được nhóm theo sự tương đồng của chúng trong các kênh sự kiện và khoảng cách gần vị trí địa lý của chúng, giảm độ trễ phân phối dữ liệu. Hơn nữa, trong hệ thống được đề xuất, một kỹ thuật được thiết kế để xây dựng ma trận tiện ích dựa trên nhà môi giới với các ràng buộc nhằm đạt được sự cân bằng giữa độ trễ, lưu lượng chuyển tiếp và khả năng mở rộng trong khi sắp xếp các nhà môi giới thành các cụm thích hợp để phân phối dữ liệu hiệu quả. Kết quả mô phỏng nghiêm ngặt chứng minh rằng mô hình xuất bản/đăng ký được đề xuất có thể cung cấp phương tiện tương tác hiệu quả cho các ứng dụng IoT dựa trên vi dịch vụ để cộng tác và trao đổi dữ liệu với độ trễ thấp, lưu lượng chuyển tiếp khiêm tốn và khả năng mở rộng cao trên quy mô lớn.",,ct_151,luocdocungcapdulieuhieuquachovidichvuquymolontrongmoitruongdammayphantan,EFFICIENT DATA DELIVERY SCHEME FOR LARGE-SCALE MICROSERVICES IN DISTRIBUTED CLOUD ENVIRONMENT,2023,efficientdatadeliveryschemeforlargescalemicroservicesindistributedcloudenvironment,https://www.mdpi.com/2076-3417/13/2/886,LƯỢC ĐỒ CUNG CẤP DỮ LIỆU HIỆU QUẢ CHO VI DỊCH VỤ QUY MÔ LỚN TRONG MÔI TRƯỜNG ĐÁM MÂY PHÂN TÁN,"APPLIED SCIENCES, VOLUME 13, ISSUE 2"
Hoàn thành,152,"Multiaccess edge computing (MEC) enables autonomous vehicles to handle time-critical and data-intensive computational tasks for emerging Internet-of-Vehicles (IoV) applications via computation offloading. However, a massive amount of data generated by colocated vehicles is typically redundant, introducing a critical issue due to limited network bandwidth. Moreover, on the edge server side, these computation-intensive tasks further impose severe pressure on the resource-finite MEC server, resulting in low-performance efficiency of applications. To solve these challenges, we model the data redundancy and collaborative task computing scheme to efficiently reduce the redundant data and utilize the idle resources in nearby MEC servers. First, the data redundancy problem is formulated as a set-covering problem according to the spatiotemporal coverage of captured images. Next, we exploit the submodular optimization technique to design an efficient algorithm to minimize the number of images transferred to the MEC servers without degrading the quality of IoV applications. To facilitate the task execution in the MEC server, we then propose a collaborative task computing scheme, where an MEC server intentionally encourages nearby resource-rich MEC servers to participate in a collaborative computing group. Accordingly, a cost model is formulated as an optimization problem, the objective of which is to prompt the MEC server to judiciously allocate computing tasks to nearby MEC servers with the goal of achieving the minimal cost while the latency of tasks is guaranteed. Experimental results show that the proposed scheme can efficiently mitigate data redundancy, conserve network bandwidth consumption, and achieve the lowest cost for processing tasks.",,ct_152,mo-hinh-du-phong-du-lieu-va-phan-phoi-nhiem-vu-nhan-biet-chi-phi-trong-cac-ung-dung-internet-cua-xe-duoc-mec-ho-tro,MODELING DATA REDUNDANCY AND COST-AWARE TASK ALLOCATION IN MEC-ENABLED INTERNET-OF-VEHICLES APPLICATIONS,2021,modelingdataredundancyandcostawaretaskallocationinmecenabledinternetofvehiclesapplications,https://ieeexplore.ieee.org/document/9163316,MÔ HÌNH DỰ PHÒNG DỮ LIỆU VÀ PHÂN PHỐI NHIỆM VỤ NHẬN BIẾT CHI PHÍ TRONG CÁC ỨNG DỤNG INTERNET CỦA XE ĐƯỢC MEC HỖ TRỢ,"IEEE INTERNET OF THINGS JOURNAL, VOL. 8, NO. 3, PP. 1687-1701, 1 FEB.1, 2021"
Hoàn thành,153,"Large-scale IoT applications with dozens of thousands of geo-distributed IoT devices creating enormous volumes of data pose a big challenge for designing communication systems that provide data delivery with low latency and high scalability. In this paper, we investigate a hierarchical Edge-Cloud publish/subscribe brokers model using an efficient two-tier routing scheme to alleviate these issues when transmitting event notifications in wide-scale IoT systems. In this model, IoT devices take advantage of proximate edge brokers strategically deployed in edge networks for data delivery services in order to reduce latency. To deliver data more efficiently, we propose a proactive mechanism that applies collaborative filtering techniques to efficiently cluster edge brokers with geographic proximity that publish and/or subscribe to similar topics. This allows brokers in the same cluster to exchange data directly with each other to further reduce data delivery latency. In addition, we devise a coordinative scheme to help brokers discover and bridge similar topic channels in the whole system, informing other brokers for data delivery in an efficient manner. Extensive simulation results prove that our model can adeptly support event notifications in terms of low latency, small amounts of relay traffic, and high scalability for large-scale, delay-sensitive IoT applications. Specifically, in comparison with other similar Edge-Cloud approaches, our proposal achieves the best in terms of relay traffic among brokers, about 7.77% on average. In addition, our model’s average delivery latency is approximately 66% of PubSubCoord-alike’s one.",,ct_153,giai-phap-hieu-qua-cho-cac-ung-dung-iot-quy-mo-lon-voi-tong-hop-nha-moi-gioi-dang-kyxuat-ban-edge-cloud-chu-dong,EFFICIENT SOLUTION FOR LARGE-SCALE IOT APPLICATIONS WITH PROACTIVE EDGE-CLOUD PUBLISH/SUBSCRIBE BROKERS CLUSTERING,2021,efficientsolutionforlargescaleiotapplicationswithproactiveedgecloudpublishsubscribebrokersclustering,https://www.mdpi.com/1424-8220/21/24/8232,GIẢI PHÁP HIỆU QUẢ CHO CÁC ỨNG DỤNG IOT QUY MÔ LỚN VỚI TỔNG HỢP NHÀ MÔI GIỚI ĐĂNG KÝ/XUẤT BẢN EDGE-CLOUD CHỦ ĐỘNG,"SENSORS 2021, 21, 8232. HTTPS://DOI.ORG/10.3390/S21248232"
Hoàn thành,154,"Computing services for the Internet-of-Things (IoT) play a vital role for widespread IoT deployment. A hierarchy of Edge-Cloud publish/subscribe (pub/sub) broker overlay networks that support latency-sensitive IoT applications in a scalable manner is introduced. In addition, we design algorithms to cluster edge pub/sub brokers based on topic similarities and geolocations to enhance data dissemination among end-to-end IoT devices. The proposed model is designed to provide low delay data dissemination and effectively save network traffic among brokers. In the proposed model, IoT devices running pub/sub client applications periodically send collected data, organized as a hierarchy of topics, to their closest edge pub/sub brokers. Then, the data are processed/analyzed at edge nodes to make controlling decisions promptly replying to the IoT devices and/or aggregated for further delivery to other interested edge brokers or to cloud brokers for long-term processing, analysis, and storage. Extensive simulation results demonstrate that our proposal achieves the best data delivery latency compared to two baseline schemes, a classical Cloud-based pub/sub scheme and an Edge-Cloud pub/sub scheme. Considering the similar Edge-Cloud technique, the proposed scheme outperforms PubSubCoord-alike in terms of relay traffic ratio among brokers. Therefore, our proposal can adapt well to support wide-scale latency-sensitive IoT applications.",,ct_154,mang-lop-lop-lop-phu-moi-gioi-dang-kynha-xuat-ban-edge-cloud-hieu-qua-de-ho-tro-cac-ung-dung-iot-quy-mo-rong-nhay-cam-voi-do-tre,EFFICIENT EDGE-CLOUD PUBLISH/SUBSCRIBE BROKER OVERLAY NETWORKS TO SUPPORT LATENCY-SENSITIVE WIDE-SCALE IOT APPLICATIONS,2020,efficientedgecloudpublishsubscribebrokeroverlaynetworkstosupportlatencysensitivewidescaleiotapplications,https://www.mdpi.com/2073-8994/12/1/3,MẠNG LỚP LỚP LỚP PHỦ MÔI GIỚI ĐĂNG KÝ/NHÀ XUẤT BẢN EDGE-CLOUD HIỆU QUẢ ĐỂ HỖ TRỢ CÁC ỨNG DỤNG IOT QUY MÔ RỘNG NHẠY CẢM VỚI ĐỘ TRỄ,"SYMMETRY 2020, 12, 3. HTTPS://DOI.ORG/10.3390/SYM12010003"
Hoàn thành,155,"Internet of Things applications produce enormous amounts of data that need to be collected, analyzed, transferred, and stored at best-suited places. An interplay among Cloud Computing and Fog Computing proves to be a promising solution for the Internet of Things (IoT). Publish/Subscribe (Pub/Sub) systems have been widely deployed in many IoT projects. IoT devices often directly connect to their closest brokers to send and receive data. Building an efficient broker overlay network for Pub/Sub systems to support wide geo-distribution IoT platforms is a matter of immediate concern. In this paper, we propose an efficient Edge-Cloud Pub/Sub model that coordinate brokers in the system for large-scale IoT application. Our simulation results prove that our broker overlay network can support low delay data delivery for these applications in a high scalable manner.",,ct_155,mo-hinh-xuat-bandang-ky-edge-cloud-hieu-qua-cho-cac-ung-dung-iot-quy-mo-lon,AN EFFICIENT EDGE-CLOUD PUBLISH/SUBSCRIBE MODEL FOR LARGE-SCALE IOT APPLICATIONS,2019,anefficientedgecloudpublishsubscribemodelforlargescaleiotapplications,https://doi.org/10.1007/978-3-030-19063-7_12,MÔ HÌNH XUẤT BẢN/ĐĂNG KÝ EDGE-CLOUD HIỆU QUẢ CHO CÁC ỨNG DỤNG IOT QUY MÔ LỚN,"IMCOM 2019. ADVANCES IN INTELLIGENT SYSTEMS AND COMPUTING, VOL 935. SPRINGER, CHAM"
Hoàn thành,156,"Building an efficient broker overlay network for publish/subscribe systems to support large-scale distributed applications is a challenging issue today. In this paper, we propose a Fog/Cloud based data delivery model that organizes a hierarchy of brokers and participants for event delivery. We use an ensemble of ZooKeeper servers to facilitate coordination among components and devise new procedures for brokers to cooperate with objectives of enhancing scalability and performance of the publish/subscribe systems.",,ct_156,mo-hinh-phan-phoi-du-lieu-dua-vao-suong-mudam-may-cho-he-thong-dang-ky-xuat-ban,A FOG/CLOUD BASED DATA DELIVERY MODEL FOR PUBLISH-SUBSCRIBE SYSTEMS,2017,afogcloudbaseddatadeliverymodelforpublishsubscribesystems,https://ieeexplore.ieee.org/document/7899539/authors#authors,MÔ HÌNH PHÂN PHỐI DỮ LIỆU DỰA VÀO SƯƠNG MÙ/ĐÁM MÂY CHO HỆ THỐNG ĐĂNG KÝ XUẤT BẢN,"2017 INTERNATIONAL CONFERENCE ON INFORMATION NETWORKING (ICOIN), DA NANG, VIETNAM, 2017, PP. 477-479"
Hoàn thành,186,"INTRODUCTION: Breast cancer remains one of the most prevalent causes of cancer-related mortality among women
globally. While machine learning (ML) has demonstrated promise in early detection, conventional models often rely solely
on statistical features, lacking domain-specific knowledge and interpretability.
OBJECTIVES: This study aims to enhance breast cancer prediction by integrating ontology-driven semantic features with
ML models to improve both predictive accuracy and clinical interpretability.
METHODS: We applied a comprehensive pipeline comprising data preprocessing, statistical testing, and dimensionality
reduction using PCA, followed by training with supervised learning models including Logistic Regression, k-NN, SVM,
Random Forest, XGBoost, LightGBM, and Attention-Enhanced MLP. In the proposed approach, clinical data is transformed
into RDF triples and structured within a domain-specific breast cancer ontology. Semantic reasoning via SPARQL queries
enables the extraction of high-level features, which are then used in a leakage-safe stacking design that integrates (i) tabular
features, (ii) KGE features, (iii) semantic subtyping signals, and (iv) SPARQL rule features, with reproducible templates
and released code.
RESULTS: Across four benchmark datasets, the ontology-enhanced meta-learner achieved consistently strong performance,
achieving 0.996 ± 0.006 ROC-AUC on WDBC under stratified evaluation.
CONCLUSION: Incorporating ontology-derived semantic knowledge significantly improves the performance, robustness,
and interpretability of ML models for breast cancer prediction. This approach holds strong potential for real-world
integration into clinical decision support systems.",,ct_186,cacmohinhhocmayduoctangcuongbangontologychochandoanungthuvu,ONTOLOGY-ENHANCED MACHINE LEARNING MODELS FOR BREAST CANCER DIAGNOSIS,2026,ontologyenhancedmachinelearningmodelsforbreastcancerdiagnosis,http://localhost:5000/uploads/pdfs/43d2b8ba-cbd7-4106-b14a-531d2463a480_10650PHT.pdf,CÁC MÔ HÌNH HỌC MÁY ĐƯỢC TĂNG CƯỜNG BẰNG ONTOLOGY CHO CHẨN ĐOÁN UNG THƯ VÚ,"EAI ENDORSED TRANSACTIONS ON PERVASIVE HEALTH AND TECHNOLOGY, VOL. 11"
Hoàn thành,225,"The biggest challenge of building chatbots is training data. The required data must be realistic and large enoughto train chatbots. We create a tool to get actual training data from Facebook messenger of a Facebook page. Aftertext preprocessing steps, the newly obtained dataset generates FVnC and Sample dataset. We use the Retrainingof BERT for Vietnamese (PhoBERT) to extract features of our text data. K-Means and DBSCAN clusteringalgorithms are used for clustering tasks based on output embeddings from PhoBERTbase. We apply V-measurescore and Silhouette score to evaluate the performance of clustering algorithms. We also demonstrate theefficiency of PhoBERT compared to other models in feature extraction on the Sample dataset and wiki dataset. AGridSearch algorithm that combines both clustering evaluations is also proposed to find optimal parameters.Thanks to clustering such a number of conversations, we save a lot of time and effort to build data and storylinesfor training chatbot.",,ct_225,tong-hop-dao-tao-tieng-viet-tu-trang-facebook-de-xay-dung-du-lieu-dao-tao-cho-chatbot,CLUSTERING VIETNAMESE CONVERSATIONS FROM FACEBOOK PAGE TO BUILD TRAINING DATASET FOR CHATBOT,2022,clusteringvietnameseconversationsfromfacebookpagetobuildtrainingdatasetforchatbot,https://www.ejmanager.com/mnstemps/71/71-1632557439.pdf?t=1776863469,TỔNG HỢP ĐÀO TẠO TIẾNG VIỆT TỪ TRANG FACEBOOK ĐỂ XÂY DỰNG DỮ LIỆU ĐÀO TẠO CHO CHATBOT,JORDANIAN JOURNAL OF COMPUTERS AND INFORMATION TECHNOLOGY
Hoàn thành,228,"Nghiên cứu tập trung vào xây dựng, triển khai và đánh giá việc sửdụng bài thí nghiệmsinh học ảo “Định lượng chlorophyll bằng phương pháp quang phổ” so với phương pháp giáo dục truyền thống(thực hiện tại phòng thực hành với đầy đủcác trang thiết bị, vật dụng và quy trình cụthể).Các mô hình 2D và 3D của thiết bị-vật  dụng  trong  bài  học được  thiết  kếdựa  trên  cáccông  cụđồhọa  (Blender, Adobe Illustrator).Các chuyển động, thao tác và tình huống của bài thí nghiệm ảo (virtual experiment -VE) được mô phỏng bằng phần mềm Unity. Bài VEdựa trên nền tảng e-learning được triển khai trong sinh viên với 2 nhóm khác nhau: nhóm 1 được trải nghiệm VE trước giờhọc thực hành và nhóm 2 thực hiện bài thí nghiệm khi chưa trải  nghiệm  VE.Kết  quảtriển  khai  trong  sinh  viên  cho  thấy nhóm  1có điểm kiểm tra trung bình cao hơn trong việc hiểu khái niệm, định nghĩa, các bước của bài thí nghiệmcũng như các lưu ý sửdụng thiết bịtrong phòng thí nghiệmso với nhóm 2 (p<0,05).Các sinh viên ởnhóm 1 cũng tựtin hơn trong việc thực hiện các kĩnăng vềquy trình khoa họccũng như có khảnăng tiếp thu kiến thức tại phòng thí nghiệm cao hơn Nhóm 2 (p<0,05). Các sinh viên ởnhóm 1 đánh giá caocác tiêu  chí  vềlợi  ích  của VEtrong  việc  ghi  nhớkhái  niệm,  các  bước  của bài  thí nghiệm, giúp nhận ra các lỗi sai thường gặp trong quá trình thí nghiệm(p<0,05). Tuy vậy, VEvẫn không thểthay thếbài thí nghiệmsinh học “thật”trong việc nâng cao kĩnăngthao  táccủa người  học.  Kết  quảnghiên  cứu  cho  thấy VEcó  thểtrởthành một công cụmạnh đểphối hợpvới phương pháp giáo dục truyền thống trong việcđào tạo sinh viên các kĩnăng phòng thí nghiệmsinh học.",,ct_228,xay-dung-va-trien-khai-danh-gia-bai-thi-nghiem-ao-dinh-luong-chlorophyll-bang-phuong-phap-quang-pho-tai-truong-dai-hoc-nha-trang,"DEVELOPING AND IMPLEMENTING THE EVALUATION OF THE VIRTUAL EXPERIMENT "" QUANTITATIVE CHLOROPHYLL USING SPECTROSCOPY METHOD"" AT NHA TRANG UNIVERSITY",2023,developing-and-implementing-the-evaluation-of-the-virtual-experiment-quantitative-chlorophyll-using-spectroscopy-method-at-nha-trang-university,https://vjol.info.vn/DHSP-GD/article/view/84186/72770,"XÂY DỰNG VÀ TRIỂN KHAI ĐÁNH GIÁ BÀI THÍ NGHIỆM ẢO ""ĐỊNH LƯỢNG CHLOROPHYLL BẰNG PHƯƠNG PHÁP QUANG PHỔ"" TẠI TRƯỜNG ĐẠI HỌC NHA TRANG",
Hoàn thành,229,,,ct_229,khao-sat-dieu-kien-moi-truong-trong-nhan-giong-sa-nhan-tim-amomum-longiligulare-tl-duoi-su-giam-sat-va-dieu-khien-cua-he-thong-tu-dong-iot,SURVEY OF ENVIRONMENTAL CONDITIONS IN BREEDING PURPLE AMOMUM LONGILIGULARE T.L. UNDER THE MONITORING AND CONTROL OF THE IOT AUTOMATED SYSTEM,2023,survey-of-environmental-conditions-in-breeding-purple-amomum-longiligulare-tl-under-the-monitoring-and-control-of-the-iot-automated-system,,KHẢO SÁT ĐIỀU KIỆN MÔI TRƯỜNG TRONG NHÂN GIỐNG SA NHÂN TÍM (AMOMUM LONGILIGULARE T.L.) DƯỚI SỰ GIÁM SÁT VÀ ĐIỀU KHIỂN CỦA HỆ THỐNG TỰ ĐỘNG IOT,
Hoàn thành,232,"Bài chòi là một loại hình nghệ thut dân giantruyền thống ở miền Trung Việt Nam. Xuất hiệntừ khoảng thế kỷ XV, nghệ thut Bài chòi đ trảiqua một quá trình phát triển dài trong đời sốngvăn hóa và tinh thần của người dân, từ một tròchơi dân gian đến một hình thái nghệ thut diễnxướng với nhiều loại hình đa dạng. Kể từ khiNghệ thut Bài chòi được UNESCO công nhnlà Di sản văn hóa phi vt thể đại diện cho nhânloại, sự quan tâm và công tác bảo tồn Bài chòitại các tỉnh Trung Bộ đ ngày càng tăng lên, vớiviệc tổ chức nhiều hoạt động liên quan đến nghệthut này.Nghệ thut diễn xướng Bài chòi ở KhánhHòa cũng góp phần quan trọng vào văn hóadân gian của tỉnh này. Khánh Hòa cùng với 8tỉnh và thành phố khác ở miền Trung đ tự hàonhn được danh hiệu Di sản văn hóa phi vtthể cho nghệ thut Bài chòi từ UNESCO vàongày 17/12/2017. Di sản Bài chòi ở vùng TrầmHương không chỉ hòa nhp vào dòng chảy vănhóa chung mà còn mang trong mình những nétđặc trưng và riêng biệt.Nhn thức về tầm quan trọng của việc bảotồn và phát huy giá trị của di sản văn hóa phivt thể về Nghệ thut Bài chòi đ được UBNDtỉnh Khánh Hòa thể hiện rõ ràng thông qua việcthúc đẩy, triển khai đề án “Ứng dụng Côngnghệ thông tin (CNTT) để quản lý cơ sở dữ liệu(CSDL) nghệ thut Bài chòi ở Khánh Hòa ”. Đềán được phê duyệt thực hiện theo Quyết địnhsố 939/QĐ-UBND ngày 24/4/2020 của UBNDtỉnh Khánh Hòa. Đề án tiếp cn một số côngtrình nghiên cứu, sách, báo, văn bản, tài liệu hồsơ lưu trữ liên quan về nghệ thut Bài chòi ởmiền Trung và đặc biệt ở Khánh Hoà. Ứng dụngCNTT là công cụ để giúp số hóa, xây dựng phầnmềm quản lý CSDL nghệ thut Bài chòi Khánh Hòa và website để giới thiệu và quảng bá nghệthut Bài chòi đến với người sử dụng.",,ct_232,ung-dung-cong-nghe-thong-tin-de-quan-ly-co-so-du-lieu-nghe-thuat-bai-choi-o-khanh-hoa,ỨNG DỤNG CÔNG NGHỆ THÔNG TIN ĐỂ QUẢN LÝ CƠ SỞ DỮ LIỆU NGHỆ THUẬT BÀI CHÒI Ở KHÁNH HÒA,2024,ung-dung-cong-nghe-thong-tin-de-quan-ly-co-so-du-lieu-nghe-thuat-bai-choi-o-khanh-hoa,https://tamnongkhanhhoa.vn/tenants/tamnong/mods/doc/files/KHCN%20sang%20tao%20so%202-2024.pdf?utm_source=chatgpt.com,ỨNG DỤNG CÔNG NGHỆ THÔNG TIN ĐỂ QUẢN LÝ CƠ SỞ DỮ LIỆU NGHỆ THUẬT BÀI CHÒI Ở KHÁNH HÒA,"BẢN TIN KHOA HỌC, CÔNG NGHỆ VÀ ĐỔI MỚI SÁNG TẠO TỈNH KHÁNH HÒA, SỐ 2"
Hoàn thành,233,"Accreditation  of  training  program  quality  is  a  requirement  and  one  of  the  strategic goals of higher education institutions in order to affirm their status and  brand.  In  particular,  self-assessment  is  an  important  step  in  quality  assurance. At Nha Trang University, the work carried out in the process of self-assessment   of   the   training   program   is   being   carried   out   in   the   conventional  approach,  causing  certain  difficulties  in  proof  management,  proof coding, comment collection and reporting. In this paper, we propose a tool to support the self-assessment process of training programs at Nha Trang University.   The   tool’s   main   functions   are   storing   evidence   centrally,automatically  encoding  proofs,  exchanging  real-time  online,  automatically  synthesizing and exporting reports. The tool will help members of the self-assessment panel to perform their tasks more effectively, and at the same time, support the Quality Assurance department to better manage evidence and self-assessment reports.",,ct_233,giaiphapungdungcongnghethongtintrongquatrinhtudanhgiachuongtrinhdaotao,SOLUTIONS FOR APPLYING INFORMATION TECHNOLOGY IN THE PROCESS OF SELF-ASSESSMENT OF THE TRAINING PROGRAM,2022,solutionsforapplyinginformationtechnologyintheprocessofselfassessmentofthetrainingprogram,https://tcgd.tapchigiaoduc.edu.vn/index.php/tapchi/article/view/595/354,GIẢI PHÁP ỨNG DỤNG CÔNG NGHỆ THÔNG TIN TRONG QUÁ TRÌNH TỰ ĐÁNH GIÁ CHƯƠNG TRÌNH ĐÀO TẠO,"TẠP CHÍ GIÁO DỤC, 22(22) THÁNG 11/2022, 48-53"
Hoàn thành,234,"Đảm bảo chất lượng đào tạo đang nhận được nhiều sựquan tâm của các cơ sởđào tạo đại học. Người học đóng vai trò quan trọng trong việc đảm bảo chất lượng đào tạo. Với mục tiêu hiểu được các phản hồi của người học vềcác hoạt động đào tạo tại Trường Đại học Nha Trang (ĐHNT) nhằm góp phần nâng cao chất lượng đào tạo của Nhà trường, chúng tôi đềxuất xửlý các ý kiến phản hồi của người học thông qua việc tựđộng phân loại và gán nhãn các ý kiến phản hồi của người học. Việc phân loại và dựđoán các nhãn được thực hiện dựa trên phương pháp Support Vector Machine (SVM) và Naive Bayes Classifier (NBC). Thực nghiệm cho kết quảkhảquan trên tập dữliệu ý kiến của người học trường ĐHNT với phương pháp SVM và NBC tương ứng là 92.13% và 90.10%.",,ct_234,xu-ly-y-kien-phan-hoi-cua-nguoi-hoc-dua-tren-phuong-phap-phan-loai-van-ban,HANDLING LEARNERS' FEEDBACK BASED ON TEXT CLASSIFICATION METHOD,2020,handling-learners-feedback-based-on-text-classification-method,https://tckh.dlu.edu.vn/index.php/tckhdhdl/article/view/667/337,XỬ LÝ Ý KIẾN PHẢN HỒI CỦA NGƯỜI HỌC DỰA TRÊN PHƯƠNG PHÁP PHÂN LOẠI VĂN BẢN,
Hoàn thành,236,"This paper presents an innovative approach to key player identification in social networks through the Ontology-Based Parallel Splitting (OBPS) algorithm. Unlike traditional methods that rely solely on structural graph metrics, OBPS integrates ontology reasoning to enhance the accuracy and efficiency of key player detection. By leveraging semantic relationships and applying parallel splitting, the algorithm partitions the network based on both structural and semantic features. The experimental evaluation, conducted on three real-world datasets from the Stanford Network Analysis Project (SNAP), demonstrates that OBPS outperforms existing approaches in terms of precision, recall, F1-score, and execution time. The results highlight the effectiveness of ontology integration in social network analysis and the potential of parallel splitting for scalable computation.",,ct_236,phan-chia-song-song-dua-tren-ban-the-de-nhan-dang-nguoi-choi-chinh,ONTOLOGY-BASED PARALLEL SPLITTING FOR KEY PLAYER IDENTIFICATION,2025,ontologybasedparallelsplittingforkeyplayeridentification,https://link.springer.com/article/10.1007/s42979-025-04113-y,PHÂN CHIA SONG SONG DỰA TRÊN BẢN THỂ ĐỂ NHẬN DẠNG NGƯỜI CHƠI CHÍNH,
Hoàn thành,237,"The paper discusses how the traditional method of association rule mining based on user-defined minimum support and confidence can result in either too many or too few association rules. This could lead to valuable information being missed or redundant rules being generated, which is not practical and can be costly to implement. The paper proposes an improvement of DARIT algorithm to mine association rules without redundancy and applies it to data from previous years of National High School Exams to Nha Trang University. The goal is to use the results to build an admissions counseling system that can help students increase their chances of being admitted to universities based on their exam results.",,ct_237,ap-dung-va-cai-thien-quy-tac-lien-ket-trong-du-doan-diem-tuyen-sinh-trung-hoc-quoc-gia-dai-hoc-nha-trang,APPLY AND IMPROVE THE ASSOCIATION RULES IN PREDICTING NATIONAL HIGH SCHOOL ADMISSION SCORES TO NHA TRANG UNIVERSITY,2024,applyandimprovetheassociationrulesinpredictingnationalhighschooladmissionscorestonhatranguniversity,http://localhost:5000/uploads/pdfs/4f00a502-d872-4f26-b794-db2844661926_16.BB265-PID3524PhamThiThuThuy.pdf,ÁP DỤNG VÀ CẢI THIỆN QUY TẮC LIÊN KẾT TRONG DỰ ĐOÁN ĐIỂM TUYỂN SINH TRUNG HỌC QUỐC GIA ĐẠI HỌC NHA TRANG,"TẠP CHÍ KHOA HỌC - CÔNG NGHỆ THỦY SẢN SỐ 1-2024, 103-109"
Hoàn thành,238,"Trong những năm gần đây, cùng với sự phát triển của internet, số lượng người dùng mạng xã hội ngày càng tăng. Thông qua mạng xã hội, người dùng có thể chia sẻ, trao đổi thông tin hoặc kết bạn với nhau. Tuy nhiên, với những mối quan hệ mới, người dùng thường có nhu cầu đánh giá độ tin cậy của một người bạn mới trước khi kết bạn trên mạng xã hội. Bài báo này đề xuất một hệ thống giới thiệu bạn bè trên mạng xã hội dựa trên cách tính toán độ tin cậy giữa những người dùng. Hệ thống đề xuất được thực hiện bằng cách sử dụng cơ sở dữ liệu đồ thị Neo4j. Kết quả của thuật toán sự thật được đề xuất trong bài báo này cao hơn các thuật toán tương tự khác.",,ct_238,khuyen-nghi-mang-xa-hoi-danh-cho-ban-be-voi-co-so-du-lieu-graph-neo4j,SOCIAL NETWORK RECOMMENDATIONS FOR FRIENDS WITH NEO4J GRAPH DATABASE,2023,socialnetworkrecommendationsforfriendswithneo4jgraphdatabase,https://www.researchgate.net/publication/375544313_Social_Network_Recommendations_for_Friends_with_Neo4j_Graph_Database,KHUYẾN NGHỊ MẠNG XÃ HỘI DÀNH CHO BẠN BÈ VỚI CƠ SỞ DỮ LIỆU GRAPH NEO4J,
Hoàn thành,239,"Recently, Web Ontology Language (OWL) has become a widely-used language for providing a source of precisely defined concepts. The number of OWL documents,  increasing with the growth of  the  Semantic  Web,   leads  to  the  heterogeneous  problem.  The  same  concepts  may  be  defined  differently,  using  different  terms  and  positions  in  the documental  structure.  Therefore,  identifying  the  element  similarity  in  different  ontologies  becomes  crucial  for  the  success  of  web  mining  and  information  integration  systems.  In  this  paper,  we  propose  a  new  semantic  similarity  measure  for  comparing elements in different OWL ontologies. This measure is designed to enable the extraction of  information  encoded  in  OWL  element  descriptions  and  to  take  into  account  the  element  relationships  with  its  ancestors,  brothers, and  children.  We  evaluate  the  proposed  metrics  in  the  context  of  matching  two  OWL  documents  to  determine  the  number  of  matches  between  them.  The  experimental results show better accuracy over other approaches.",,ct_239,nang-cao-khoi-doi-voi-cac-ban-the-owl-dua-tren-do-luong-don-gian-nghiem-tich,ENHANCING OWL ONTOLOGIES MATCHING BASED ON SEMANTIC SIMILARITY MEASUREMENT,2022,enhancingowlontologiesmatchingbasedonsemanticsimilaritymeasurement,https://vjol.info.vn/sphcm/article/view/75939/64670,NÂNG CAO KHỐI ĐỐI VỚI CÁC BẢN THỂ OWL DỰA TRÊN ĐO LƯỜNG ĐƠN GIẢN NGHIÊM TÍCH,
Hoàn thành,240,"Ngày nay, cùng với sự phát triển của công nghệ thông tin (CNTT), ngày càng có nhiều 
người sử dụng mạng xã hội, đặc biệt là Facebook, để xây dựng và mở rộng các mối quan 
hệ. Tuy nhiên, với sự đa dạng và lượng người sử dụng đông đảo, độ tin cậy của những 
người bạn trên Facebook là mối quan tâm lớn của nhiều người sử dụng. Bài báo này tổng hợp và phân tích các thuật toán tính độ tin cậy giữa những người dùng trên mạng xã hội 
Facebook, đồng thời cài đặt thuật toán tính độ tin cậy phổ biến. Công việc này đưa ra một đánh giá chung về các thuật toán khác nhau để tin cậy máy tính giữa những người dùng trong mạng xã hội Facebook. Nó đặt trọng tâm lớn vào các thuật toán tính toán tin cậy ngang hàng mà một số đã được điều chỉnh cho môi trường mạng xã hội. Một ứng dụng thu thập dữ liệu người dùng từ Facebook và tính toán các thuật toán tin cậy khác nhau đã được phát triển nhằm mục đích đánh giá các thuật toán tin cậy khác nhau. ",,ct_240,thuat-toan-xac-dinh-do-tin-cay-giua-ban-be-tren-mang-xa-hoi-dua-vao-ontology,ALGORITHM TO DETERMINE RELIABILITY BETWEEN FRIENDS ON SOCIAL NETWORKS BASED ON ONTOLOGY,2018,algorithm-to-determine-reliability-between-friends-on-social-networks-based-on-ontology,https://www.academia.edu/114438195/Thu%E1%BA%ADt_To%C3%A1n_X%C3%A1c_%C4%90%E1%BB%8Bnh_%C4%90%E1%BB%99_Tin_C%E1%BA%ADy_Gi%E1%BB%AFa_B%E1%BA%A1n_B%C3%A8_Tr%C3%AAn_M%E1%BA%A1ng_X%C3%A3_H%E1%BB%99i_D%E1%BB%B1a_V%C3%A0o_Ontology,THUẬT TOÁN XÁC ĐỊNH ĐỘ TIN CẬY GIỮA BẠN BÈ TRÊN MẠNG XÃ HỘI DỰA VÀO ONTOLOGY,
Hoàn thành,241,"Enormous  amount  of  available  data  in  relational  database  (RDB)  format  creates  ademand for automatic transforming them into Web Ontology Language (OWL) ontology to reuse inthe Semantic Web.  Many approaches have been proposed, however, most of them simply generateoutput ontology as the same flat structure with the original database and result in redundancy ofontology data.  As an attempt to resolve the redundant problem,  we propose a novel approach togenerate OWL ontology from relational database while focusing on the similarity measure of duplicateattributes in relational tables.  Experimental results show that the proposed method reliably predictssemantic similarity of duplicate columns and produces a better-quality OWL ontology.",,ct_241,mot-phuong-phap-cai-tien-ve-co-so-du-lieu-ban-xac-ngu-nghia-vao-ontology,AN IMPROVEMENT METHOD FOR SEMANTIC MAPPING DATABASE TO ONTOLOGY,2018,animprovementmethodforsemanticmappingdatabasetoontology,https://vjs.ac.vn/jcc/article/view/13100/382592,MỘT PHƯƠNG PHÁP CẢI TIẾN VỀ CƠ SỞ DỮ LIỆU BẢN XÁC NGỮ NGHĨA VÀO ONTOLOGY,
Hoàn thành,242,"Bài báo này trình bày việc thiết kế và xây dựng  khung cơ sở dữ liệu  số chuyên ngành về hải dương, môi trường của vùng biển ven bờ Ninh Thuận - Bình Thuận, dựa trên sự tích hợp dữ liệu của các chuyến khảo sát thực tế, dữ liệu ảnh viễn thám đa thời gian và đa nguồn cũng như nguồn dữ liệu mô phỏng. Đặc biệt, nguồn dữ liệu ảnh viễn thám VNREDSat-1, loại ảnh viễn thám đầu tiên của Việt Nam với độ phân giải cao cũng đã được quan tâm trong quá trình xây dựng khung cơ sở dữ liệu. Việc xây dựng khung cho cơ sở dữ liệu là bước quan trọng đầu tiên cần thực hiện để có cái nhìn đúng về mặt cấu trúc từ đó định hướng cho việc xây dựng cấu trúc cơ sở dữ liệu. Khung cơ sở dữ liệu được xây dựng theo cấu trúc dạng cây B-tree, giúp tối ưu hóa các thao tác khi cập nhật dữ liệu.",,ct_242,xaydungkhungcosodulieusovehaiduongmoitruongvungvenbienbinhthuanninhthuan,BUILDING A DIGITAL DATA FRAMEWORK ON THE HAI DUONG AND THE ENVIRONMENT OF THE MARINE AREA OF NINH THUAN - BINH THUAN,2017,buildingadigitaldataframeworkonthehaiduongandtheenvironmentofthemarineareaofninhthuanbinhthuan,https://www.researchgate.net/publication/326864059_XAY_DUNG_KHUNG_CO_SO_DU_LIEU_SO_VE_HAI_DUONG_MOI_TRUONG_VUNG_BIEN_NINH_THUAN_-_BINH_THUAN,"XÂY DỰNG KHUNG CƠ SỞ DỮ LIỆU SỐ VỀ HẢI DƯƠNG, MÔI TRƯỜNG VÙNG VEN BIỂN BÌNH THUẬN – NINH THUẬN",
Hoàn thành,245,"Trong lĩnh vực thị giác máy tính, các bài toán như phát hiện vật thể, phân đoạn đối tượng và phân lớp thường yêu cầu dữ liệu huấn luyện được gán nhãn theo các định dạng khác nhau. Việc gán nhãn thủ công thường tốn nhiều thời gian và công sức, đặc biệt khi cùng một tập dữ liệu ảnh cần được gán nhãn theo nhiều cách khác nhau để phục vụ cho các yêu cầu khác nhau. Thách thức này càng trở nên rõ rệt trong bài toán đếm tôm giống, nơi các đối tượng có kích thước nhỏ, mật độ cao và thường chồng lấn lên nhau. Nghiên cứu này đề xuất một phương pháp tự động chuyển đổi nhãn từ dạng đa giác sang dạng hộp giới hạn, nhằm tối ưu hóa quy trình xử lý dữ liệu và cải thiện hiệu suất mô hình. Kết quả thực nghiệm cho thấy mô hình huấn luyện trên tập dữ liệu chuyển đổi tự động đạt tỷ lệ lỗi MAPE 3,26% trong bài toán đếm tôm giống, chứng minh tính hiệu quả của phương pháp đề xuất trong việc xử lý bài toán chuyển đổi định dạng nhãn.",,ct_245,chuyen-doi-nhan-tu-dong-trong-thi-giac-may-tinh-cho-bai-toan-diem-tom-giong,AUTOMATIC MULTIPLIER CONVERSION IN COMPUTER VISION FOR SHRIMP SEEDING POINT PROBLEM,2025,automatic-multiplier-conversion-in-computer-vision-for-shrimp-seeding-point-problem,https://jst-ud.vn/jst-ud/article/view/9869,CHUYỂN ĐỔI NHÂN TỰ ĐỘNG TRONG THỊ GIÁC MÁY TÍNH CHO BÀI TOÁN ĐIỂM TÔM GIỐNG,
Hoàn thành,246,"Phát hiện và chống gian lận trong kiểm tra đánh giá là công việc quan trọng trong các cơ sở giáo dục và trên các hệ thống trực tuyến. Trên nền tảng Moodle hoặc bất cứ nền tảng E-learning khác, thách thức để đảm bảo tính trung thực của sinh viên càng trở nên phức tạp. Việc gian lận khi mở một thẻ khác hoặc cửa sổ khác trong quá trình làm bài kiểm tra đánh giá trên E-learning cần phải được phát hiện. Trong nghiên cứu này, nhóm tác giả sẽ xây dựng một tập dữ liệu gồm các ảnh chụp màn hình thi trong trường hợp bình thường và có gian lận. Nhóm tác giả đề xuất một chiến lược phát hiện gian lận dựa vào thị giác máy tính, cụ thể là YOLOv8. Mục tiêu của chiến lược phát hiện gian lận là nhận biết các hành vi mở một thẻ hoặc cửa sổ khác trong quá trình kiểm tra đánh giá trên nền tảng Moodle. Điều này sẽ giúp đảm bảo công bằng, giảm thời gian và công sức của giám thị coi thi. Kết quả nghiên cứu đã chứng minh được khả năng phát hiện chính xác và tính khả thi.",,ct_246,phat-hien-gian-lan-trong-qua-trinh-kiem-tra-danh-gia-tren-nen-tang-ntu-e-learning-tai-truong-dh-nha-trang-su-dung-thi-giac-may-tinh,DETECTING FRAUD DURING THE TEST AND EVALUATION PROCESS ON THE NTU E-LEARNING PLATFORM AT NHA TRANG UNIVERSITY USING COMPUTER VISION,2024,detecting-fraud-during-the-test-and-evaluation-process-on-the-ntu-e-learning-platform-at-nha-trang-university-using-computer-vision,https://jst-ud.vn/jst-ud/article/view/9234,PHÁT HIỆN GIAN LẬN TRONG QUÁ TRÌNH KIỂM TRA ĐÁNH GIÁ TRÊN NỀN TẢNG NTU E-LEARNING TẠI TRƯỜNG ĐH NHA TRANG SỬ DỤNG THỊ GIÁC MÁY TÍNH,
Hoàn thành,247,"Multiple-choice questions (MCQ) testing  is a form of measurement and assessment that has been increasingly applied in schools. This form of assessment is being strongly supported on E-learning platforms, especially learning management systems. However, in Vietnam today, the quality assessment of MCQ items and tests in general, and online MCQ tests in particular, has not been given due attention. This paper introduces a solution to evaluate objective multiple-choice questions on Moodle systems using Item Response Theory. The solution is demonstrated through a Web application that the authors offer. Based on the analysis results, problematic questions requiring correction would be detected. This process can be iteratively conducted to improve the quality of the test items bank, thereby effectively improving the quality of the future MCQ tests.",,ct_247,mot-giai-phap-ho-tro-phan-tich-danh-gia-cau-hoi-trac-nghiem-khach-quan-tren-he-thong-moodle-theo-mo-hinh-irt,A SOLUTION TO SUPPORT ANALYSIS AND EVALUATION OF OBJECTIVE MULTIPLE-CHOICE QUESTIONS ON THE MOODLE SYSTEM ACCORDING TO THE IRT MODEL,2022,a-solution-to-support-analysis-and-evaluation-of-objective-multiple-choice-questions-on-the-moodle-system-according-to-the-irt-model,http://localhost:5000/uploads/pdfs/7e3f55fc-2b86-4f65-b2da-84bf7e685ab9_4.-l-th-bch-hng-v-cs_1.pdf,"MỘT GIẢI PHÁP HỖ TRỢ PHÂN TÍCH, ĐÁNH GIÁ CÂU HỎI TRẮC NGHIỆM KHÁCH QUAN TRÊN HỆ THỐNG MOODLE THEO MÔ HÌNH IRT","TẠP CHÍ THIẾT BỊ GIÁO DỤC, SỐ ĐẶC BIỆT THÁNG 7-2022"
Hoàn thành,248,,,ct_248,cach-mang-cong-nghiep-40-dong-luc-moi-de-chuyen-doi-giao-duc,INDUSTRIAL REVOLUTION 4.0 NEW DYNAMICS FOR EDUCATION TRANSFORMATION,2018,industrial-revolution-40-new-dynamics-for-education-transformation,,CÁCH MẠNG CÔNG NGHIỆP 4.0 ĐỘNG LỰC MỚI ĐỂ CHUYỂN ĐỔI GIÁO DỤC,KHOA HỌC VÀ HUẤN LUYỆN HẢI QUÂN
Hoàn thành,251,"Sự phát triển nhanh chóng của dữ liệu đã ảnh hưởng lớn đến hiệu suất lưu trữ, phân tích và xử lý dữ liệu trên các hệ thống sử dụng thuật toán học máy. Do đó, mục đích của nghiên cứu này là kiểm tra các nền tảng dữ liệu lớn thường được sử dụng và các thư viện học máy liên quan cũng như phân loại các hệ thống đề xuất. Từ đó, chúng tôi đánh giá thử nghiệm độ chính xác của hệ thống đề xuất dựa trên bộ lọc cộng tác dựa trên mô hình bằng cách sử dụng Alternating Minimum Squares—ALS trong Thư viện Machine Learning (MLlib) của Spark cho tập dữ liệu 1 M MovieLens. Thử nghiệm cho kết quả tốt khi đánh giá độ chính xác của hệ thống đề xuất dựa trên MLlib của Spark. Ngoài ra, báo cáo cũng kiểm tra những thay đổi về độ chính xác của công cụ đề xuất dựa trên việc điều chỉnh các thông số của thuật toán ALS.",,ct_251,he-thong-khuyen-nghi-voi-apache-spark,RECOMMENDER SYSTEM WITH APACHE SPARK,2024,recommendersystemwithapachespark,https://link.springer.com/chapter/10.1007/978-981-99-6547-2_37,HỆ THỐNG KHUYẾN NGHỊ VỚI APACHE SPARK,
Hoàn thành,252,"Nghiên cứu này tập trung vào giá trị sang trọng của khách sạn hạng sang và khám phá mối quan hệ giữa biến số này với sự sẵn lòng chi trả và truyền miệng của người tiêu dùng với hài lòng là biến số kết nối. Kỹ thuật mô hình cấu trúc bình phương bé nhất bán phần (PLS-SEM) áp dụng trên một mẫu 300 người tiêu dùng cho thấy tác động của giá trị sang trọng, gồm giá trị độc nhất, giá trị tiêu khiển, và giá trị địa vị, đến hài lòng, và hài lòng tác động đến sự sẵn lòng chi trả và truyền miệng. Về mặt lý thuyết, nghiên cứu gia tăng sự hiểu biết về vai trò của giá trị sang trọng đối với sự sẵn lòng chi trả và truyền miệng tích cực thông qua việc gia tăng sự hài lòng. Về mặt thực tiễn, nghiên cứu nhấn mạnh tầm quan trọng của giá trị hạng sang như là một chiến lược thương hiệu mà nhà quản trị cần quan tâm để duy trì lợi thế cạnh tranh.",,ct_252,anh-huong-cua-gia-tri-sang-trong-den-san-long-chi-tra-va-truyen-mieng-doi-voi-khach-san-hang-sang-vai-tro-cua-su-hai-long,THE EFFECT OF LUXURY VALUE ON WILLINGNESS TO PAY AND WORD OF MOUTH FOR LUXURY HOTELS: THE ROLE OF SATISFACTION,2024,the-effect-of-luxury-value-on-willingness-to-pay-and-word-of-mouth-for-luxury-hotels-the-role-of-satisfaction,https://js.ktpt.edu.vn/index.php/jed/article/view/1294,ẢNH HƯỞNG CỦA GIÁ TRỊ SANG TRỌNG ĐẾN SẴN LÒNG CHI TRẢ VÀ TRUYỀN MIỆNG ĐỐI VỚI KHÁCH SẠN HẠNG SANG: VAI TRÒ CỦA SỰ HÀI LÒNG,
Hoàn thành,253,"The participation in academic subjects taught in English provides students a lot of obvious benefits not only in English skills but also in future profession. However, this learning process also makes students facing many challenges when taking the course. The article presents the English skills that students need to gain when taking an EMI course, as well as strategies can be used to support students improve their English skills and learn well in their EMI courses. Furthermore, the article also introduces some strategies to improve the student’s confidence and guide students in the EMI course.",,ct_253,mot-so-giai-phap-giup-sinh-vien-hoc-tot-cac-mon-chuyen-nganh-bang-tieng-anh,SOME SOLUTIONS TO HELP STUDENTS STUDY WELL IN SPECIALIZED SUBJECTS IN ENGLISH,2023,some-solutions-to-help-students-study-well-in-specialized-subjects-in-english,https://vjol.info.vn/index.php/tctbgd/article/view/86864,MỘT SỐ GIẢI PHÁP GIÚP SINH VIÊN HỌC TỐT CÁC MÔN CHUYÊN NGÀNH BẰNG TIẾNG ANH,
Hoàn thành,254,,,ct_254,thuc-trang-va-giai-phap-ho-tro-soan-thao-van-ban-hanh-chinh-tai-truong-dai-hoc-nha-trang,CURRENT SITUATION AND SOLUTIONS TO SUPPORT THE DRAFTING OF ADMINISTRATIVE DOCUMENTS AT NHA TRANG UNIVERSITY,2022,current-situation-and-solutions-to-support-the-drafting-of-administrative-documents-at-nha-trang-university,,THỰC TRẠNG VÀ GIẢI PHÁP HỖ TRỢ SOẠN THẢO VĂN BẢN HÀNH CHÍNH TẠI TRƯỜNG ĐẠI HỌC NHA TRANG,"TẠP CHÍ THIẾT BỊ GIÁO DỤC, SỐ ĐẶC BIỆT"
Hoàn thành,255,,,ct_255,nhung-hoat-dong-lien-quan-cua-giang-vien-voi-phuong-phap-emi-english-as-a-medium-of-instruction-khi-giang-day-cac-mon-chuyen-nganh-bang-tieng-anh,TEACHERS' RELATED ACTIVITIES WITH THE EMI METHOD (ENGLISH AS A MEDIUM OF INSTRUCTION) WHEN TEACHING SPECIALIZED SUBJECTS IN ENGLISH,2021,teachers-related-activities-with-the-emi-method-english-as-a-medium-of-instruction-when-teaching-specialized-subjects-in-english,,NHỮNG HOẠT ĐỘNG LIÊN QUAN CỦA GIẢNG VIÊN VỚI PHƯƠNG PHÁP EMI (ENGLISH AS A MEDIUM OF INSTRUCTION) KHI GIẢNG DẠY CÁC MÔN CHUYÊN NGÀNH BẰNG TIẾNG ANH,"TẠP CHÍ THIẾT BỊ GIÁO DỤC, SỐ 247 KỲ 2 - 8/2021"
Hoàn thành,258,"Bài báo nghiên cứu việc tích hợp kỹ năng nghề nghiệp vào giảng dạy học phần tại Trường Đại học Nha Trang, tìm hiểu cách giảng viên lồng ghép hoạt động phát triển kỹ năng vào bài giảng cũng như trải nghiệm, và nhận thức của sinh viên. Nghiên cứu áp dụng phương pháp hỗn hợp, kết hợp phỏng vấn 18 giảng viên và khảo sát 470 sinh viên. Phân tích theo chủ đề được sử dụng cho dữ liệu định tính; dữ liệu định lượng được xử lý bằng thống kê mô tả, suy luận, gồm kiểm định ANOVA để so sánh nhận thức sinh viên giữa các năm học. Kết quả cho thấy 93,8% sinh viên tham gia làm việc nhóm, 85,7% thuyết trình, phản ánh việc triển khai học tập tích cực. Tuy nhiên, chỉ 64,1% cho rằng hoạt động học tập giúp phát triển kỹ năng giải quyết vấn đề và 77,1% đạt tư duy phản biện, cho thấy khoảng trống trong phát triển kỹ năng bậc cao. Kiểm định ANOVA cho thấy không có khác biệt đáng kể về nhận thức phát triển kỹ năng giữa sinh viên các năm (p > 0,05), ngoại trừ tiêu chí tính sẵn sàng cho nghề nghiệp, trong đó sinh viên năm cuối tự tin hơn đáng kể so với sinh viên năm hai (p = 0,049). Điều này cho thấy nhận thức về kỹ năng nghề nghiệp tăng theo thời gian, nhấn mạnh sự cần thiết của việc lồng ghép các hoạt động phát triển kỹ năng sớm hơn trong chương trình đào tạo.",,ct_258,goc-nhin-cua-giang-vien-va-sinh-vien-ve-viec-long-ghep-ky-nang-nghe-nghiep-vao-giang-day-tai-truong-dai-hoc-nha-trang,TEACHERS' AND STUDENTS' PERSPECTIVES ON INTEGRATED PROFESSIONAL SKILLS INTO TEACHING AT NHA TRANG UNIVERSITY,2025,teachers-and-students-perspectives-on-integrated-professional-skills-into-teaching-at-nha-trang-university,http://localhost:5000/uploads/pdfs/99fc1818-c9b7-4f73-9b42-67ea0630de4d_115928_16a0e14386b3e094.pdf,GÓC NHÌN CỦA GIẢNG VIÊN VÀ SINH VIÊN VỀ VIỆC LỒNG GHÉP KỸ NĂNG NGHỀ NGHIỆP VÀO GIẢNG DẠY TẠI TRƯỜNG ĐẠI HỌC NHA TRANG,
Hoàn thành,259,"This study investigates the integration of employability skillsinto course instruction at a medium-sized university inVietnam, addressing a critical gap between learning andcareer preparedness. Using a convergent mixed-methodsdesign, the research analyzes 30 course syllabi throughqualitative content analysis and surveys 470 students forquantitative insights. Content analysis showed that objectivesand learning outcomes more often signal these skills than doteaching activities or assessments. Personal qualities andproblem-solving appear frequently in objectives (43% and47%, respectively), but rarely in assessments (4% and 20%,respectively). Critical thinking is more often tested thantaught, while communication and teamwork are primarilyfeatured in activities (43% and 34%), rather than in statedgoals. Time management is almost absent. ANOVA resultsindicate significant differences in syllabus engagement (F =4.394, p = .013), with year 4 students engaging more thanyear 2 students (Mean Difference = -0.215, p = .023).Correlation analysis (r = .503, p < .01) confirms a linkbetween skill integration and perceived career relevance. Noyear-level differences emerged in perceived skill integrationor teaching effectiveness. Findings highlight misalignmentsbetween intended and enacted skill development,underscoring the need for clearer, practice-based syllabusdesign.",,ct_259,thu-nhap-khoang-cach-tich-hop-ky-nang-lam-viec-tu-giao-trinh-khoa-hoc-den-huong-dan-trong-lop,BRIDGING THE GAP: INTEGRATING EMPLOYABILITY SKILLS - FROM COURSE SYLLABI TO CLASSROOM INSTRUCTION,2025,bridgingthegapintegratingemployabilityskillsfromcoursesyllabitoclassroominstruction,http://localhost:5000/uploads/pdfs/470f566c-290e-409e-a8d4-87d622c16208_JIRSEA_v23_n02_Article04.pdf,THU NHẬP KHOẢNG CÁCH: TÍCH HỢP KỸ NĂNG LÀM VIỆC - TỪ GIÁO TRÌNH KHÓA HỌC ĐẾN HƯỚNG DẪN TRONG LỚP,"JIRSEA JOURNAL OF INSTITUTIONAL RESEARCH SOUTH EAST ASIA, VOL 23, NO. 2"
Hoàn thành,261,"Trong những năm gần đây, mạng bay đặc biệt (FANET) đã được áp dụng rộng rãi do những tiến bộ nhanh chóng của máy bay không người lái (UAV). Tính di động liên tục của UAV, cùng với môi trường hoạt động của chúng trong không gian ba chiều, đặt ra những thách thức đáng kể đối với việc định tuyến trong FANET. Ngoài ra, các yếu tố như độ ổn định của liên kết, chất lượng liên kết, tốc độ bit liên kết và khả năng chuyển tiếp các gói của nút bước nhảy tiếp theo ảnh hưởng trực tiếp đến hiệu quả định tuyến. Kết hợp máy học và phương pháp định tuyến dựa trên vị trí giúp giải quyết những thách thức này. Bài báo này đề xuất một giao thức định tuyến dựa trên vị trí tích hợp thuật toán học tăng cường Q-learning (QL) với điều chỉnh tốc độ bit liên kết động và cơ chế phạt cho QL dựa trên tín hiệu truyền lại từ lớp liên kết. Các đánh giá hiệu suất được thực hiện bằng cách sử dụng OMNeT++ chứng minh rằng thuật toán được đề xuất đã nâng cao đáng kể hiệu suất mạng về tỷ lệ phân phối gói, thông lượng mạng, độ trễ đầu cuối, số lượng liên kết bị hỏng và tỷ lệ lỗi gói so với các thuật toán định tuyến nổi tiếng khác.",,ct_261,qlr-fanet-giao-thuc-dinh-tuyen-dua-tren-q-learning-va-kiem-soat-ty-le-cho-mang-bay-ad-hoc-ct_261,QLR‐FANET: A Q‐LEARNING AND RATE CONTROL‐BASED ROUTING PROTOCOL FOR FLYING AD HOC NETWORK,2024,qlrfanetaqlearningandratecontrolbasedroutingprotocolforflyingadhocnetwork,https://onlinelibrary.wiley.com/doi/full/10.4218/etrij.2024-0298,QLR-FANET: GIAO THỨC ĐỊNH TUYẾN DỰA TRÊN Q-LEARNING VÀ KIỂM SOÁT TỶ LỆ CHO MẠNG BAY AD HOC,
Hoàn thành,266,"Bài báo trình bày một cách tiếp cận mới để nhận dạng phục vụ tái tạo tư thế con người từ dữ liệu ảnh của cảm biến độ sâu (Kinect camera), sử dụng đặc trưng khoảng cách trên dữ liệu ảnh độ sâu và xác định vùng da trên ảnh màu tương ứng. Đầu tiên, thông tin từ ảnh độ sâu được xử lý và biểu diễn dạng đồ thị khoảng cách. Những điểm quan tâm trên cơ thể người hay cụ thể là các điểm khớp nối sẽ được xác định dựa vào đặc trưng khoảng cách và dò tìm các vùng bàn tay, bàn chân và mặt thông qua ảnh màu tương ứng bằng thuật giải dò tìm vùng da (skin detection) trên ảnh màu. Khoảng cách được tính từ các điểm trên đồ thị tới một điểm trọng tâm của cơ thể. Sử dụng các điểm khớp đã được tính để xác định ma trận chuyển đổi trên mỗi thành phần. Các ma trận được xác định sẽ được ánh xạ lên mô hình người 3D. Cuối cùng, mô hình người 3D phản ánh việc tái tạo tư thế của con người. Trong phần thực nghiệm, chúng tôi đã đánh giá kết quả của việc tái tạo lại các tư thế con người bằng phương pháp định tính cho kết quả cải thiện so với việc chỉ dùng đặc trưng khoảng cách và có thể thực hiện thời gian thực.",,ct_266,nhan-dang-cac-tu-the-con-nguoi-tu-du-lieu-cam-bien-do-sau-su-dung-dac-trung-khoan-cach-va-mau-da,RECOGNITION OF HUMAN POSTURES FROM DEPTH SENSOR DATA USING DISTANCE AND SKIN COLOR FEATURES,2017,recognition-of-human-postures-from-depth-sensor-data-using-distance-and-skin-color-features,https://ebooks.com.vn/nhan-dang-cac-tu-the-con-nguoi-tu-du-lieu-cua-cam-bien-do-sau-su-dung-dac-trung-khoang-cach-va-mau-da-6114/,NHẬN DẠNG CÁC TƯ THẾ CON NGƯỜI TỪ DỮ LIỆU CẢM BIẾN ĐỘ SÂU SỬ DỤNG ĐẶC TRƯNG KHOẢN CÁCH VÀ MÀU DA,
Hoàn thành,267,"Tiếng Việt là ngôn ngữ đơn âm tiết và có thanh điệu. Để tổng hợp tiếng Việt chất lượng tốt, việc đảm bảo chất lượng của thanh điệu tổng hợp sao cho càng gần với thanh điệu tự nhiên là rất quan trọng. Bài báo này đề xuất một phương pháp tổng hợp tiếng Việt dựa trên ghép nối âm vị kép, trong đó các biến thiên F0 của các âm được tổng hợp giống như biến thiên F0 của tiếng nói tự nhiên. Hơn nữa, để tích hợp cảm xúc vào tiếng Việt tổng hợp, bài báo trình bày một phương pháp tổng hợp dựa trên mô hình Fujisaki. Ba cảm xúc khác nhau được thử nghiệm là buồn, tức và vui. Các kết quả đánh giá khách quan và chủ quan chất lượng tiếng Việt tổng hợp cũng được trình bày trong nghiên cứu này. DOI: 10.32913/rd-ict.vol2.no38.615",,ct_267,tong-hop-tieng-viet-co-cam-xuc,SYNTHESIS OF VIETNAMESE WITH EMOTION,2017,synthesis-of-vietnamese-with-emotion,https://www.researchgate.net/publication/328806079_Synthesis_of_Emotional_Vietnamese,TỔNG HỢP TIẾNG VIỆT CÓ CẢM XÚC,
Hoàn thành,272,"Nghiên cứu này nhằm xác định các thông số của mô hình động học về sự phát triển của các vi sinh vật gây hỏng đặc trưng (vi sinh vật hiếu khí phát triển ở nhiệt độ dương thấp TVC, Pseudomonas spp. và vi khuẩn sinh H₂S) và các vi khuẩn chỉ thị vệ sinh (coliform và/hoặc Escherichia coli) trên tôm sú nguyên liệu bảo quản ở nhiệt độ dương thấp. Quá trình được thực hiện dựa trên các mô hình sơ cấp Baranyi & Roberts và/hoặc Gompertz và mô hình thứ cấp căn bậc hai của Ratkowsky. Kết quả cho thấy tốc độ phát triển tối đa (pha log) của tất cả các vi sinh vật mục tiêu càng cao ở nhiệt độ càng cao. Mô hình sơ cấp Baranyi & Roberts cho sai số dự đoán bé hơn so với mô hình Gompertz. Các thông số của mô hình thứ cấp được xác định cho TVC, Pseudomonas spp. và coliform. Kết quả kiểm định các mô hình động học về sự phát triển của TVC và Pseudomonas spp. cho thấy trên 70% lượng vi sinh vật đo được nằm trong vùng mô phỏng chấp nhận ASZ của mô hình, chứng tỏ khả năng ứng dụng những mô hình này vào dự đoán lượng vi sinh vật dựa trên cơ sở dữ liệu về vi sinh vật của tôm sú trong chuỗi cung ứng để cải thiện mô hình.",,ct_272,xac-dinh-cac-thong-so-cua-mo-hinh-dong-hoc-ve-su-phat-trien-cua-vi-sinh-vat-gay-hong-va-chi-thi-ve-sinh-tren-tom-su-cuoi-chuoi-cung-ung-lanh,DETERMINING THE PARAMETERS OF THE KINETIC MODEL FOR THE DEVELOPMENT OF SPOILABLE MICROBIOLOGIES AND HYGIENE INDICATORS IN TIGER SHRIMP AT THE END OF THE COLD SUPPLY CHAIN,2021,determining-the-parameters-of-the-kinetic-model-for-the-development-of-spoilable-microbiologies-and-hygiene-indicators-in-tiger-shrimp-at-the-end-of-the-cold-supply-chain,https://scholardocs.dlu.edu.vn/ViewPDFOnline/document.php?loc=1&doc=148157267087960284524140313369996996823,XÁC ĐỊNH CÁC THÔNG SỐ CỦA MÔ HÌNH ĐỘNG HỌC VỀ SỰ PHÁT TRIỂN CỦA VI SINH VẬT GÂY HỎNG VÀ CHỈ THỊ VỆ SINH TRÊN TÔM SÚ CUỐI CHUỖI CUNG ỨNG LẠNH,
Hoàn thành,274,"Nghiên cứu này nhằm thử nghiệm, đánh giá khả năng ứng dụng trí tuệ nhân tạo (artificial intelligence – AI) trong tự động hóa chẩn đoán bệnh trên tôm sú (Penaeus monodon). Một số bệnh trên tôm sú có dấu hiệu đặc trưng có thể nhận biết thông qua hình ảnh; trên cơ sở đó chúng tôi vận dụng các kỹ thuật tiên tiến của AI trong lĩnh vực thị giác máy tính (computer vision) để xây dựng hệ thống chẩn đoán hình ảnh có khả năng phân loại một số bệnh thường gặp trên tôm sú ở Việt Nam. Kết quả thực nghiệm trên 4 mẫu bệnh: đen mang, đốm đen, đốm trắng và hoại tử cơ cho thấy hệ thống chẩn đoán hình ảnh đạt độ chính xác cao nhất 87,58% với mô hình mạng neural tích chập (convolutional neural network - CNN) EfficientNet-B4 có áp dụng kỹ thuật học chuyển giao (transfer learning). Kết quả này gợi ý tiềm năng ứng dụng AI vào phân loại bệnh trên tôm sú, giúp rút ngắn thời gian, chi phí chẩn đoán bệnh, góp phần làm giảm thiệt hại của dịch bệnh gây ra cho nghề nuôi tôm.",,ct_274,ung-dung-tri-tue-nhan-tao-trong-tu-dong-hoa-nhan-dang-benh-tren-tom-su,APPLICATION OF ARTIFICIAL INTELLIGENCE IN AUTOMATICALLY IDENTIFICATION OF DISEASE IN TIGER SHRIMP,2024,application-of-artificial-intelligence-in-automatically-identification-of-disease-in-tiger-shrimp,http://localhost:5000/uploads/pdfs/bda69358-9072-4677-bbd0-2908f7a0c697_20.2024.02.475_NguyenDinhHung_v2_1.pdf,ỨNG DỤNG TRÍ TUỆ NHÂN TẠO TRONG TỰ ĐỘNG HÓA NHẬN DẠNG BỆNH TRÊN TÔM SÚ,
Hoàn thành,275,"Phương tiện truyền thông xã hội đã được sử dụng như một công cụ đo lường kết quả sức khỏe dân số. Các nền tảng truyền thông xã hội phổ biến không đồng nhất cho phép người dùng chia sẻ nhiều loại liên kết và dữ liệu. Tuy nhiên, các nghiên cứu hiện có về phân tích dân số dựa trên phương tiện truyền thông xã hội chủ yếu tập trung vào việc tận dụng văn bản do người dùng tạo, trong khi các nguồn dữ liệu khác chưa được khám phá. Trong nghiên cứu này, chúng tôi xem xét việc sử dụng hai nguồn dữ liệu điển hình từ các mạng xã hội không đồng nhất trực tuyến: văn bản thông thường và hình ảnh như một cảm biến mới trong việc hiểu sức khỏe dân số. Để sử dụng nội dung trực quan, chúng tôi đề xuất hai loại biểu diễn sức khỏe dân số được trích xuất từ hình ảnh được chia sẻ, cụ thể là biểu đồ màu — một tập hợp các tính năng trực quan được tạo thủ công và các tính năng tự động học được từ mạng nơ-ron tích chập sâu. Đối với dữ liệu văn bản, chúng tôi áp dụng hai loại tính năng văn bản nổi tiếng: tính năng kiểu ngôn ngữ và tính năng dựa trên nội dung. Để giải quyết vấn đề dữ liệu được gắn nhãn yếu, chúng tôi áp dụng kỹ thuật học tập đa phiên bản để giảm sai lệch phân loại có thể xảy ra. Để đánh giá, chúng tôi đánh giá các phương pháp được đề xuất về nhiệm vụ dự đoán kết quả sức khỏe quận của Hoa Kỳ thông qua bộ dữ liệu quy mô lớn được thu thập từ Flickr. Kết quả thử nghiệm cho thấy nội dung trực quan trên mạng xã hội, ngoài dữ liệu, là một chỉ số thông tin về kết quả sức khỏe dân số. Những thí nghiệm này cùng với phân tích chuyên sâu sẽ đóng vai trò như một tài liệu kỹ thuật cho nghiên cứu trong tương lai về phân tích sức khỏe dân số thông qua lăng kính của phương tiện truyền thông xã hội không đồng nhất.",,ct_275,du-doan-suc-khoe-cong-dong-qua-cac-mang-xa-hoi-khong-dong-the,PREDICTING COMMUNITY HEALTH THROUGH HETEROGENEOUS SOCIAL NETWORKS,2023,predictingcommunityhealththroughheterogeneoussocialnetworks,https://link.springer.com/article/10.1007/s42979-023-01718-z,DỰ ĐOÁN SỨC KHỎE CỘNG ĐỒNG QUA CÁC MẠNG XÃ HỘI KHÔNG ĐỒNG THỂ,
Hoàn thành,276,"We propose in this work a graph-based approach for automatic public health analysis using social media. In our approach, graphs are created to model the interactions between features and between tweets in social media. We investigated different graph properties and methods in constructing graph-based representations for population health analysis. The proposed approach is applied in two case studies: (1) estimating health indices, and (2) classifying health situation of counties in the US. We evaluate our approach on a dataset including more than one billion tweets collected in three years 2014, 2015, and 2016, and the health surveys from the Behavioral Risk Factor Surveillance System. We conducted realistic and large-scale experiments on various textual features and graph-based representations. Experimental results verified the robustness of the proposed approach and its superiority over existing ones in both case studies, confirming the potential of graph-based approach for modeling interactions in social networks for population health analysis.",,ct_276,phuong-phap-dua-tren-do-hoa-de-phan-tich-suc-khoe-dan-so-bang-cach-tweet-duoc-gan-the-dia-ly,A GRAPH-BASED APPROACH FOR POPULATION HEALTH ANALYSIS USING GEO-TAGGED TWEETS,2020,agraphbasedapproachforpopulationhealthanalysisusinggeotaggedtweets,https://pmc.ncbi.nlm.nih.gov/articles/PMC7585996/,PHƯƠNG PHÁP DỰA TRÊN ĐỒ HỌA ĐỂ PHÂN TÍCH SỨC KHỎE DÂN SỐ BẰNG CÁCH TWEET ĐƯỢC GẮN THẺ ĐỊA LÝ,
Hoàn thành,277,"Public health measurement is important for government administration as it provides indicators and implications to public healthcare strategies. The measurement of health status has been traditionally conducted via surveys in the forms of pre-designed questionnaires to collect responses from targeted participants. Apart from benefits, traditional approach is costly, time-consuming, and not scalable. These limitations make a major obstacle to policy makers to develop up-to-date healthcare programs. This paper studies the use of health-related information conveyed in user-generated content from social media for prediction of health outcomes at population level. Specifically, we investigate linguistic features for analysing textual data. We propose the use of visual features learnt from deep neural networks for understanding visual data. We introduce collective social capital information from location-based social media data. We conducted extensive experiments on large-scale datasets collected from two online social networks: Foursquare and Flickr, against the task of prediction of the U.S. county health indices. Experimental results showed that visual and collective social capital data achieved comparable prediction performance and outperformed textual information. These promising results also suggest the potential of social media for health analysis at population scales.",,ct_277,nghien-cuu-thuc-nghiem-ve-du-bao-suc-khoe-dan-so-qua-truyen-thong-xa-hoi,AN EMPIRICAL STUDY ON PREDICTION OF POPULATION HEALTH THROUGH SOCIAL MEDIA,2019,anempiricalstudyonpredictionofpopulationhealththroughsocialmedia,https://www.sciencedirect.com/science/article/pii/S1532046419301960,NGHIÊN CỨU THỰC NGHIỆM VỀ DỰ BÁO SỨC KHỎE DÂN SỐ QUA TRUYỀN THÔNG XÃ HỘI,
Hoàn thành,278,"The development of new drugs is costly, time consuming and often accompanied with safety issues. Drug repurposing can avoid the expensive and lengthy process of drug development by finding new uses for already approved drugs. In order to repurpose drugs effectively, it is useful to know which proteins are targeted by which drugs. Computational models that estimate the interaction strength of new drug–target pairs have the potential to expedite drug repurposing. Several models have been proposed for this task. However, these models represent the drugs as strings, which is not a natural way to represent molecules. We propose a new model called GraphDTA that represents drugs as graphs and uses graph neural networks to predict drug–target affinity. We show that graph neural networks not only predict drug–target affinity better than non-deep learning models, but also outperform competing deep learning methods. Our results confirm that deep learning models are appropriate for drug–target binding affinity prediction, and that representing drugs as graphs can lead to further improvements.",,ct_278,graphdta-du-doan-su-tac-dong-lien-ket-thuoc-muc-tieu-voi-mang-than-kinh-graph,GRAPHDTA: PREDICTING DRUG–TARGET BINDING AFFINITY WITH GRAPH NEURAL NETWORKS,2020,graphdtapredictingdrugtargetbindingaffinitywithgraphneuralnetworks,http://localhost:5000/uploads/pdfs/33d88637-693e-4c80-9f6b-dd1ff0922e46_btaa921.pdf,GRAPHDTA: DỰ ĐOÁN SỰ TÁC ĐỘNG LIÊN KẾT THUỐC-MỤC TIÊU VỚI MẠNG THẦN KINH GRAPH,
Hoàn thành,280,"For many years, geographical location-based clustering has continuously become a hot research topic in both geographic information systems (GIS) and machine learning (ML)/deep learning (DL) domains due to its applications for various real-world problems. Spatial density-based clustering methods are generally utilized to detect clusters from geographical data. Traditional spatial clustering methods encounter considerable limitations, especially when addressing sparse coordinate data and substantial fluctuations in geographic cluster density. To overcome these limitations, in this paper, we introduce a novel community-aware graph learning for geographical point embedding, naming: CGL4PE. By extensively analyzing nearby graph-modelled geospatial locations, our proposed CGL4PE model can efficiently capture the complex/multi-view structural latent representations of geographical locations. To do this, in our model we apply the integration between graph attention network (GAT) and graph isomorphism network (GIN) in the form of multi-view graph representation learning approach. Then, combining with location-based graph construction strategy, our CGL4PE model can directly improve the clustering performance of conventional spatial/density-based clustering methods. Different from previous location-based clustering techniques, our CGL4PE model is designed to better preserve the community-aware structural representations of constructed location-based graph. These community-aware structural representations are then utilized to extract more meaningful cluster information from geographical datasets, under the integrated graph representation learning and spatial density-based clustering approaches. The extensive empirical studies within real-world geographical datasets present the effectiveness of our proposed CGL4PE model in this paper.",,ct_280,mang-than-kinh-graph-co-nhan-thuc-cong-dong-ap-dung-cho-viec-dai-dien-dua-tren-vi-tri-dia-ly-hoc-tap-va-tap-hop-trong-gis,A COMMUNITY-AWARE GRAPH NEURAL NETWORK APPLIED TO GEOGRAPHICAL LOCATION-BASED REPRESENTATION LEARNING AND CLUSTERING WITHIN GIS,2025,acommunityawaregraphneuralnetworkappliedtogeographicallocationbasedrepresentationlearningandclusteringwithingis,https://www.sciencedirect.com/science/article/abs/pii/S0957417425008747,MẠNG THẦN KINH GRAPH CÓ NHẬN THỨC CỘNG ĐỒNG ÁP DỤNG CHO VIỆC ĐẠI DIỆN DỰA TRÊN VỊ TRÍ ĐỊA LÝ HỌC TẬP VÀ TẬP HỢP TRONG GIS,
Hoàn thành,281,"Geospatial data enhances traditional datasets by integrating spatial and temporal dimensions, facilitating advanced visualizations and comprehensive analytical insights. As a fundamental aspect of geospatial analytics, geospatial data clustering (GDC) has become a prominent area of academic research, playing a critical role in theoretical exploration and applied domains. GDC seeks to group geospatial objects based on inherent similarities, a necessity driven by modern datasets' increasing scale and complexity, particularly those within geographic information systems (GIS). This paper highlights key challenges and advancements in GDC, including spatial data clustering (SDC), clustering techniques within GIS, and algorithms designed for geospatial data clustering in network spaces (GDC in NS). Practical implementations of these methodologies encompass diverse applications such as hotspot analysis, infectious disease monitoring, transportation optimization, urban traffic management, and emergency response planning. These contributions are foundational for advancing scholarly research and addressing domain-specific challenges in this field.",,ct_281,tap-hop-du-lieu-khong-gian-trong-khong-gian-mang-khao-sat,GEOSPATIAL DATA CLUSTERING IN NETWORK SPACE: A SURVEY,2025,geospatialdataclusteringinnetworkspaceasurvey,https://wires.onlinelibrary.wiley.com/doi/abs/10.1002/widm.70023,TẬP HỢP DỮ LIỆU KHÔNG GIAN TRONG KHÔNG GIAN MẠNG: KHẢO SÁT,"WILEY INTERDISCIPLINARY REVIEWS: DATA MINING AND KNOWLEDGE DISCOVERY, VOL. 15 (2025)"
Hoàn thành,282,"The exponential growth of big data presents a significant task for the incremental clustering problem. This paper proposes a density-based total clustering method in network space (NS-IDBSCAN) to cluster newly generated data. Instead of re-clustering the entire massive database, which would be much larger than the new datasets, we perform clustering with only the added data. Based on the current clustering results of the old data, the proposed algorithm checks the role of each newly added point and its neighbors in performing clustering. Depending on the density, an added point can be classified as noise, border, or core. This approach dramatically reduces the response time. Moreover, using a hash table with the key as the element's index corresponding to the point Id to store the cluster Id eliminates the need for searching by direct access, further increasing processing speed. Additionally, the proposed algorithm improves accuracy by reducing the intra-cluster distance when eliminating the phenomenon that the border points may belong to more than one cluster, as presented in the discussion. The proposed algorithm is compared with the spatial data clustering algorithm in network space. Test results on three data sources downloaded from OpenStreetMap, ESRI Open Data, and Inside Airbnb demonstrate that the proposed method significantly speeds up the processing time. The accuracy of the proposed algorithm is measured using eight indicators: Silhouette, BSS, WSS, WB, Davis-Bouldin, Dunn, Calinski-Harabasz, and NMI.",,ct_282,ns-idbscan-phuong-phap-tang-can-hieu-qua-cho-du-lieu-khong-gian-trong-khong-gian-mang,NS-IDBSCAN: AN EFFICIENT INCREMENTAL CLUSTERING METHOD FOR GEOSPATIAL DATA IN NETWORK SPACE,2024,nsidbscananefficientincrementalclusteringmethodforgeospatialdatainnetworkspace,https://www.sciencedirect.com/science/article/abs/pii/S0020025524014403,NS-IDBSCAN: PHƯƠNG PHÁP TĂNG CÂN HIỆU QUẢ CHO DỮ LIỆU KHÔNG GIAN TRONG KHÔNG GIAN MẠNG,"INFORMATION SCIENCES,VOLUME 690, 121526"
Hoàn thành,283,"Using topology in data analysis is a promising new field, and recently, it has attracted numerous researchers and played a vital role in both research and application. This study explores the burgeoning field of topology-based data analysis, mainly focusing on its application in clustering algorithms within data mining. Our research addresses the critical challenges of reducing execution time and enhancing clustering quality, which includes decreasing the dependency on input parameters - a notable limitation in current methods. We propose five innovative strategies to optimize clustering algorithms that utilize topological relationships by combining solutions of expanding points fewer times, merging clusters, and using a jump to increase the radius value according to the nearest neighbor distance array index. These strategies aim to refine clustering performance by improving algorithmic efficiency and the quality of clustering outcomes. This approach elevates the standard of cluster analysis and contributes significantly to the evolving landscape of data mining and analysis.",,ct_283,chien-luoc-hieu-qua-doi-voi-cum-du-lieu-khong-gian-su-dung-cac-moi-quan-he-doi-voi,EFFICIENT STRATEGIES FOR SPATIAL DATA CLUSTERING USING TOPOLOGICAL RELATIONS,2024,efficientstrategiesforspatialdataclusteringusingtopologicalrelations,https://link.springer.com/article/10.1007/s10489-024-05927-8,CHIẾN LƯỢC HIỆU QUẢ ĐỐI VỚI CỤM DỮ LIỆU KHÔNG GIAN SỬ DỤNG CÁC MỐI QUAN HỆ ĐỐI VỚI,
Hoàn thành,284,"Trong những năm gần đây, cùng với sự phát triển nhanh chóng của thông tin dựa trên vị trí, các thuật toán phân cụm trên dữ liệu không gian đã được áp dụng rộng rãi để hiểu biết sâu sắc về dữ liệu và khám phá kiến thức. Các kỹ thuật phân cụm hiện có thường phụ thuộc vào các thông số của người dùng và chủ yếu thực hiện trên mặt phẳng có khoảng cách Euclid. Công trình này đề xuất thuật toán Phân cụm dựa trên tô pô không gian mạng (NS-TBC) để phân cụm các đối tượng ràng buộc mạng bằng cách sử dụng khung dựa trên tô pô. Cách tiếp cận này thay thế các phép đo khoảng cách bằng các mối quan hệ tô pô cho bài toán phân cụm không gian trong không gian mạng để tối ưu hóa các tham số. Phương pháp được đề xuất khai thác các ưu điểm của thuật toán ACUTIVE, được đề xuất vào năm 2016, nhưng cho các đối tượng ràng buộc mạng. Thuật toán NS-TBC được áp dụng cho sáu bộ dữ liệu từ Open Street Map để chứng minh hiệu quả của nó. Nó vượt trội hơn chỉ số Davies–Bouldin xác thực nội bộ so với các thuật toán ACUTE và iNS-DBSCAN, trong đó iNS-DBSCAN là thuật toán phân cụm hiệu quả hiện đại của chúng tôi cho dữ liệu không gian bị hạn chế mạng. Thời gian chạy cũng được đo lường cẩn thận cho mục đích đánh giá. Việc đánh giá chỉ được thực hiện cho hai thuật toán, NS-TBC và iNS-DBSCAN, vì ACUTE không được thiết kế để hoạt động trong không gian mạng. Kết quả thí nghiệm cho thấy thuật toán NS-TBC sử dụng ít hơn 50% thời gian tính toán cần thiết cho thuật toán iNS-DBSCAN. Tóm lại, thuật toán NS-TBC được đề xuất đã cung cấp một giải pháp để giảm số lượng tham số cho thuật toán iNS-DBSCAN đồng thời cải thiện đáng kể thời gian thực thi và chất lượng cụm.",,ct_284,mot-phuong-phap-phan-loai-dua-tren-dong-phat-hieu-qua-tren-du-lieu-khong-gian-trong-khong-gian-mang,AN EFFICIENT TOPOLOGICAL-BASED CLUSTERING METHOD ON SPATIAL DATA IN NETWORK SPACE,2022,anefficienttopologicalbasedclusteringmethodonspatialdatainnetworkspace,https://www.sciencedirect.com/science/article/abs/pii/S0957417422024137,MỘT PHƯƠNG PHÁP PHÂN LOẠI DỰA TRÊN ĐỒNG PHÁT HIỆU QUẢ TRÊN DỮ LIỆU KHÔNG GIAN TRONG KHÔNG GIAN MẠNG,
Hoàn thành,285,,,ct_285,giai-phap-cong-nghe-thong-tin-va-truyen-thong-cho-mo-hinh-dao-tao-ket-hop-tai-truong-dai-hoc-nha-trang,INFORMATION AND COMMUNICATION TECHNOLOGY SOLUTIONS FOR COMBINED TRAINING MODEL AT NHA TRANG UNIVERSITY,2021,information-and-communication-technology-solutions-for-combined-training-model-at-nha-trang-university,,GIẢI PHÁP CÔNG NGHỆ THÔNG TIN VÀ TRUYỀN THÔNG CHO MÔ HÌNH ĐÀO TẠO KẾT HỢP TẠI TRƯỜNG ĐẠI HỌC NHA TRANG,"TẠP CHÍ DẠY VÀ HỌC NGÀY NAY, KỲ 1-02/2021, 73-77"
Hoàn thành,286,"Spatial clustering is one of the main techniques for spatial data mining and spatial data analysis. However, existing spatial clustering methods primarily focus on points distributed in planar space with the Euclidean distance measurement. Recently, NS-DBSCAN has been developed to perform clustering of spatial point events in Network Space based on a well-known clustering algorithm, named Density-Based Spatial Clustering of Applications with Noise (DBSCAN). The NS-DBSCAN algorithm has efficiently solved the problem of clustering network constrained spatial points. When compared to the NC_DT (Network-Constraint Delaunay Triangulation) clustering algorithm, the NS-DBSCAN algorithm efficiently solves the problem of clustering network constrained spatial points by visualizing the intrinsic clustering structure of spatial data by constructing density ordering charts. However, the main drawback of this algorithm is when the data are processed, objects that are not specifically categorized into types of clusters cannot be removed, which is undeniably a waste of time, particularly when the dataset is large. In an attempt to have this algorithm work with great efficiency, we thus recommend removing edges that are longer than the threshold and eliminating low-density points from the density ordering table when forming clusters and also take other effective techniques into consideration. In this paper, we develop a theorem to determine the maximum length of an edge in a road segment. Based on this theorem, an algorithm is proposed to greatly improve the performance of the density-based clustering algorithm in network space (NS-DBSCAN). Experiments using our proposed algorithm carried out in collaboration with Ho Chi Minh City, Vietnam yield the same results but shows an advantage of it over NS-DBSCAN in execution time.",,ct_286,phuong-phap-de-tap-hop-hieu-qua-du-lieu-khong-gian-trong-khong-gian-mang,A METHOD FOR EFFICIENT CLUSTERING OF SPATIAL DATA IN NETWORK SPACE,2021,amethodforefficientclusteringofspatialdatainnetworkspace,https://www.researchgate.net/publication/351498206_A_method_for_efficient_clustering_of_spatial_data_in_network_space,PHƯƠNG PHÁP ĐỂ TẬP HỢP HIỆU QUẢ DỮ LIỆU KHÔNG GIAN TRONG KHÔNG GIAN MẠNG,
Hoàn thành,287,"The industrial revolution 4.0 not only threatens the jobs of low-skilled workers, but even middle-skilled workers will also beaffected, if they are not equipped with new skills - creative skills. "" [1 ]. The article aims to present the role of creative capacity in theera ofthe 4.0 revolution, creative methodology andpropose to introduce the content ofcreative methodology - a capacity with scientificmethod, which can learned rather than innately gifted - into a university training program to help meet the changing human resourceneeds of the future.",,ct_287,phuong-phap-luan-sang-tao-mot-nang-luc-can-trang-bi-cho-sinh-vien-trong-ky-nguyen-40,CREATIVE METHODOLOGY - A COMPETENCY THAT NEEDS TO BE EQUIPPED FOR STUDENTS IN THE 4.0 ERA,2021,creative-methodology-a-competency-that-needs-to-be-equipped-for-students-in-the-40-era,https://scholar.dlu.edu.vn/thuvienso/bitstream/DLU123456789/154620/1/CVv276K1S092021060.pdf,PHƯƠNG PHÁP LUẬN SÁNG TẠO - MỘT NĂNG LỰC CẦN TRANG BỊ CHO SINH VIÊN TRONG KỶ NGUYÊN 4.0,
Hoàn thành,288,,,ct_288,giai-phap-thuc-day-tinh-than-tu-hoc-cua-sinh-vien-trong-thoi-dai-cach-mang-cong-nghiep-40,SOLUTIONS TO PROMOTE STUDENTS' SPIRIT OF SELF-STUDYING IN THE ERA OF THE 4.0 INDUSTRIAL REVOLUTION,2018,solutions-to-promote-students-spirit-of-self-studying-in-the-era-of-the-40-industrial-revolution,,GIẢI PHÁP THÚC ĐẨY TINH THẦN TỰ HỌC CỦA SINH VIÊN TRONG THỜI ĐẠI CÁCH MẠNG CÔNG NGHIỆP 4.0,"DẠY VÀ HỌC NGÀY NAY, SỐ 12-2018, 200-203"
Hoàn thành,289,,,ct_289,mot-vai-de-xuat-nham-nang-cao-chat-luong-dao-tao-nguon-nhan-luc,SOME PROPOSALS TO IMPROVE THE QUALITY OF HUMAN RESOURCE TRAINING,2017,some-proposals-to-improve-the-quality-of-human-resource-training,,MỘT VÀI ĐỀ XUẤT NHẰM NÂNG CAO CHẤT LƯỢNG ĐÀO TẠO NGUỒN NHÂN LỰC,"DẠY VÀ HỌC NGÀY NAY, SỐ 10-2017"
Hoàn thành,291,"Trong bài báo này, chúng tôi trình bày phương pháp mô hình hóa tri thức một cơ sở dữ liệu quan hệ bằng Ontology Web Language (OWL). Kết quả đạt được bao gồm các luật chuyển đổi dữ liệu từ cơ sở dữ liệu quan hệ sang Ontology và các Axiom bổ sung ngữ nghĩa cho một cơ sở dữ liệu quan hệ. Dựa trên các luật này, dữ liệu trong mô hình quan hệ có thể được chuyển đổi thành các bộ ba RDF/OWL cho các ứng dụng Semantic web.",,ct_291,mo-hinh-hoa-tri-thuc-cho-mot-co-so-du-lieu-quan-he-bang-ontology-web-language,KNOWLEDGE MODELING FOR A RELATIONAL DATABASE USING ONTOLOGY WEB LANGUAGE,2017,knowledge-modeling-for-a-relational-database-using-ontology-web-language,http://localhost:5000/uploads/pdfs/ccf1dab8-2a03-4b01-a65a-9a21b436511d_MO_HINH_HOA_TRI_THUC_CHO_MOT_CO_SO_DU_LIEU_QUAN_HE.pdf,MÔ HÌNH HÓA TRI THỨC CHO MỘT CƠ SỞ DỮ LIỆU QUAN HỆ BẰNG ONTOLOGY WEB LANGUAGE,"TẠP CHÍ KHOA HỌC ĐẠI HỌC ĐÀ LẠT   TẬP 7, SỐ 2, 2017   175–191"
Hoàn thành,307,"We survey in this chapter the connections between Machine Learning and Control Theory. Control Theory provide useful concepts and tools for Machine Learning. Conversely Machine Learning can be used to solve large control problems. In the first part of the paper, we develop the connections between reinforcement learning and Markov Decision Processes, which are discrete time control problems. In the second part, we review the concept of supervised learning and the relation with static optimization. Deep learning which extends supervised learning, can be viewed as a control problem. In the third part, we present the links between stochastic gradient descent and mean field theory. Conversely, in the fourth and fifth parts, we review machine learning approaches to stochastic control problems, and focus on the deterministic case, to explain, more easily, the numerical algorithms.",,ct_307,ly-thuyet-hoc-tap-va-dieu-khien-may,MACHINE LEARNING AND CONTROL THEORY,2022,machinelearningandcontroltheory,https://www.sciencedirect.com/science/chapter/handbook/abs/pii/S1570865921000314,LÝ THUYẾT HỌC TẬP VÀ ĐIỀU KHIỂN MÁY,
Hoàn thành,308,"Causal inference is a cornerstone of biomedical reasoning, yet current methods often struggle to integrate domain knowledge, handle uncertainty, and provide interpretable results. In this paper, we propose a novel framework - Causal Reasoning over Ontology-Enriched Graphs (CREOG) - that combines biomedical ontologies with causal discovery and knowledge graph embeddings to facilitate explainable causal analysis. we construct a diabetes ontology and derive a small causal knowledge graph (CKG) and an enlarged SNOMED-anchored diabetes CKG with 21,542 entities and 107,710 causal or associative edges. We additionally validate on a breast cancer ontology (BreastCancer.owl) to assess cross-domain generalizability. CREOG combines association rule mining (Apriori) with multiple causal discovery algorithms (PC, NOTEARS, FCI, GES/GIES) to generate weighted causal triples with textual provenance. To enable robust causal link prediction, we introduce CausE-S, a causal embedding model that leverages edge weighting and structural similarity to prioritize high-confidence relations. Experimental results show that CausE-S significantly outperforms traditional embedding baselines such as TransE, ComplEx, GraIL, and R-GCN on both KGs across multiple evaluation metrics, including MRR, Hits@K, Precision, Recall, and F1-score. Additional comparisons to FCI and GES/GIES confirm that CREOG recovers a large fraction of baseline causal edges while proposing clinically plausible new relations. The proposed framework also supports explainable reasoning through annotated causal links and confidence-aware inference. Our work demonstrates the effectiveness of combining ontological semantics with causal embeddings for interpretable biomedical knowledge discovery.",,ct_308,suyluannhanquatrencacdothiduoclamgiaubangontologynhamxaydungtrituenhantaoytecokhananggiaithich,CAUSAL REASONING OVER ONTOLOGY-ENRICHED GRAPHS FOR INTERPRETABLE MEDICAL AI,2026,causalreasoningoverontologyenrichedgraphsforinterpretablemedicalai,https://www.sciencedirect.com/science/article/abs/pii/S0950705126005290,SUY LUẬN NHÂN QUẢ TRÊN CÁC ĐỒ THỊ ĐƯỢC LÀM GIÀU BẰNG ONTOLOGY NHẰM XÂY DỰNG TRÍ TUỆ NHÂN TẠO Y TẾ CÓ KHẢ NĂNG GIẢI THÍCH,"KNOWLEDGE-BASED SYSTEMS, VOLUME 341, 23 MAY 2026, 115803"
Hoàn thành,329,"Các thuật toán luật kết hợp thường tạo ra một số lượng lớn các luật, trong đó có nhiều luật là không cần thiết cho việc xử lý thông tin nhằm phục vụ cho một mục đích, yêu cầu nàođó. Nhằm nâng cao hiệu năng thuật toán Apriori cho một số bài toán, bài báo đề xuất một thuật toán cải tiến của thuật toán Apriori là thuật toán Apriori-DT. Hai điểm cải tiến chính của AprioriDT là sử dụng truy vấn trong tính toán độ hỗ trợ dựa trên cấu trúc bảng quyết định và áp dụng khuôn mẫu luật nhằm chỉ rút trích các luật phù hợp với mục tiêu khai thác. Thuật toán AprioriDT được thực nghiệm trên các tập dữ liệu mẫu UCI và tập dữ liệu xử lý chất lượng dạy và học tại ĐH Nha Trang. Kết quả cho thấy Apriori-DT có hiệu năng khai thác luật kết hợp trên các tập dữ liệu lớn là khá tốt.",1781572135731,ct_329,,APRIORI-DT HYBRID ALGORITHM AND EXPERIMENTAL,2010,aprioridthybridalgorithmandexperimental,http://localhost:5000/uploads/pdfs/8dbccdf8-ee79-4eb9-9448-bcc1bee7b801_dsp1_236.pdf,,
